2020-07-08T12:04:46.125000,info,,,Web interface can be found at http://localhost:26000
2020-07-08T12:04:46.578000,open test case,,,Test case 1: kstet.no-name.1
2020-07-08T12:04:46.578000,info,,,Type: String. Default value: 'test'. Case 1 of 1441 overall.
2020-07-08T12:04:46.578000,open step,,,Calling procmon pre_send()
2020-07-08T12:04:53.859000,info,,,Opening target connection (172.16.0.24:9999)...
2020-07-08T12:04:53.859000,info,,,Connection opened.
2020-07-08T12:04:53.859000,open step,,,Fuzzing Node 'kstet'
2020-07-08T12:04:53.859000,info,,,Sending 8 bytes...
2020-07-08T12:04:53.859000,send,8,4b 53 54 45 54 20 0d 0a,"KSTET 
"
2020-07-08T12:04:53.859000,open step,,,Contact process monitor
2020-07-08T12:04:53.859000,check,,,procmon.post_send()
2020-07-08T12:04:54.062000,pass,,,No crash detected.
2020-07-08T12:04:54.062000,open step,,,Contact process monitor
2020-07-08T12:04:54.062000,check,,,procmon.post_send()
2020-07-08T12:04:54.281000,pass,,,No crash detected.
2020-07-08T12:04:54.281000,info,,,Closing target connection...
2020-07-08T12:04:54.281000,info,,,Connection closed.
2020-07-08T12:04:54.281000,open step,,,Sleep between tests.
2020-07-08T12:04:54.281000,info,,,sleeping for 1.000000 seconds
2020-07-08T12:04:55.296000,open test case,,,Test case 2: kstet.no-name.2
2020-07-08T12:04:55.296000,info,,,Type: String. Default value: 'test'. Case 2 of 1441 overall.
2020-07-08T12:04:55.296000,open step,,,Calling procmon pre_send()
2020-07-08T12:04:55.500000,info,,,Opening target connection (172.16.0.24:9999)...
2020-07-08T12:04:55.515000,info,,,Connection opened.
2020-07-08T12:04:55.515000,open step,,,Fuzzing Node 'kstet'
2020-07-08T12:04:55.515000,info,,,Sending 5014 bytes...
2020-07-08T12:04:55.531000,send,5014,4b 53 54 45 54 20 2f 2e 3a 2f 41 41 41 41 41 41 41 41 41 41 41 41 41 41 41 41 41 41 41 41 41 41 41 41 41 41 41 41 41 41 41 41 41 41 41 41 41 41 41 41 41 41 41 41 41 41 41 41 41 41 41 41 41 41 41 41 41 41 41 41 41 41 41 41 41 41 41 41 41 41 41 41 41 41 41 41 41 41 41 41 41 41 41 41 41 41 41 41 41 41 41 41 41 41 41 41 41 41 41 41 41 41 41 41 41 41 41 41 41 41 41 41 41 41 41 41 41 41 41 41 41 41 41 41 41 41 41 41 41 41 41 41 41 41 41 41 41 41 41 41 41 41 41 41 41 41 41 41 41 41 41 41 41 41 41 41 41 41 41 41 41 41 41 41 41 41 41 41 41 41 41 41 41 41 41 41 41 41 41 41 41 41 41 41 41 41 41 41 41 41 41 41 41 41 41 41 41 41 41 41 41 41 41 41 41 41 41 41 41 41 41 41 41 41 41 41 41 41 41 41 41 41 41 41 41 41 41 41 41 41 41 41 41 41 41 41 41 41 41 41 41 41 41 41 41 41 41 41 41 41 41 41 41 41 41 41 41 41 41 41 41 41 41 41 41 41 41 41 41 41 41 41 41 41 41 41 41 41 41 41 41 41 41 41 41 41 41 41 41 41 41 41 41 41 41 41 41 41 41 41 41 41 41 41 41 41 41 41 41 41 41 41 41 41 41 41 41 41 41 41 41 41 41 41 41 41 41 41 41 41 41 41 41 41 41 41 41 41 41 41 41 41 41 41 41 41 41 41 41 41 41 41 41 41 41 41 41 41 41 41 41 41 41 41 41 41 41 41 41 41 41 41 41 41 41 41 41 41 41 41 41 41 41 41 41 41 41 41 41 41 41 41 41 41 41 41 41 41 41 41 41 41 41 41 41 41 41 41 41 41 41 41 41 41 41 41 41 41 41 41 41 41 41 41 41 41 41 41 41 41 41 41 41 41 41 41 41 41 41 41 41 41 41 41 41 41 41 41 41 41 41 41 41 41 41 41 41 41 41 41 41 41 41 41 41 41 41 41 41 41 41 41 41 41 41 41 41 41 41 41 41 41 41 41 41 41 41 41 41 41 41 41 41 41 41 41 41 41 41 41 41 41 41 41 41 41 41 41 41 41 41 41 41 41 41 41 41 41 41 41 41 41 41 41 41 41 41 41 41 41 41 41 41 41 41 41 41 41 41 41 41 41 41 41 41 41 41 41 41 41 41 41 41 41 41 41 41 41 41 41 41 41 41 41 41 41 41 41 41 41 41 41 41 41 41 41 41 41 41 41 41 41 41 41 41 41 41 41 41 41 41 41 41 41 41 41 41 41 41 41 41 41 41 41 41 41 41 41 41 41 41 41 41 41 41 41 41 41 41 41 41 41 41 41 41 41 41 41 41 41 41 41 41 41 41 41 41 41 41 41 41 41 41 41 41 41 41 41 41 41 41 41 41 41 41 41 41 41 41 41 41 41 41 41 41 41 41 41 41 41 41 41 41 41 41 41 41 41 41 41 41 41 41 41 41 41 41 41 41 41 41 41 41 41 41 41 41 41 41 41 41 41 41 41 41 41 41 41 41 41 41 41 41 41 41 41 41 41 41 41 41 41 41 41 41 41 41 41 41 41 41 41 41 41 41 41 41 41 41 41 41 41 41 41 41 41 41 41 41 41 41 41 41 41 41 41 41 41 41 41 41 41 41 41 41 41 41 41 41 41 41 41 41 41 41 41 41 41 41 41 41 41 41 41 41 41 41 41 41 41 41 41 41 41 41 41 41 41 41 41 41 41 41 41 41 41 41 41 41 41 41 41 41 41 41 41 41 41 41 41 41 41 41 41 41 41 41 41 41 41 41 41 41 41 41 41 41 41 41 41 41 41 41 41 41 41 41 41 41 41 41 41 41 41 41 41 41 41 41 41 41 41 41 41 41 41 41 41 41 41 41 41 41 41 41 41 41 41 41 41 41 41 41 41 41 41 41 41 41 41 41 41 41 41 41 41 41 41 41 41 41 41 41 41 41 41 41 41 41 41 41 41 41 41 41 41 41 41 41 41 41 41 41 41 41 41 41 41 41 41 41 41 41 41 41 41 41 41 41 41 41 41 41 41 41 41 41 41 41 41 41 41 41 41 41 41 41 41 41 41 41 41 41 41 41 41 41 41 41 41 41 41 41 41 41 41 41 41 41 41 41 41 41 41 41 41 41 41 41 41 41 41 41 41 41 41 41 41 41 41 41 41 41 41 41 41 41 41 41 41 41 41 41 41 41 41 41 41 41 41 41 41 41 41 41 41 41 41 41 41 41 41 41 41 41 41 41 41 41 41 41 41 41 41 41 41 41 41 41 41 41 41 41 41 41 41 41 41 41 41 41 41 41 41 41 41 41 41 41 41 41 41 41 41 41 41 41 41 41 41 41 41 41 41 41 41 41 41 41 41 41 41 41 41 41 41 41 41 41 41 41 41 41 41 41 41 41 41 41 41 41 41 41 41 41 41 41 41 41 41 41 41 41 41 41 41 41 41 41 41 41 41 41 41 41 41 41 41 41 41 41 41 41 41 41 41 41 41 41 41 41 41 41 41 41 41 41 41 41 41 41 41 41 41 41 41 41 41 41 41 41 41 41 41 41 41 41 41 41 41 41 41 41 41 41 41 41 41 41 41 41 41 41 41 41 41 41 41 41 41 41 41 41 41 41 41 41 41 41 41 41 41 41 41 41 41 41 41 41 41 41 41 41 41 41 41 41 41 41 41 41 41 41 41 41 41 41 41 41 41 41 41 41 41 41 41 41 41 41 41 41 41 41 41 41 41 41 41 41 41 41 41 41 41 41 41 41 41 41 41 41 41 41 41 41 41 41 41 41 41 41 41 41 41 41 41 41 41 41 41 41 41 41 41 41 41 41 41 41 41 41 41 41 41 41 41 41 41 41 41 41 41 41 41 41 41 41 41 41 41 41 41 41 41 41 41 41 41 41 41 41 41 41 41 41 41 41 41 41 41 41 41 41 41 41 41 41 41 41 41 41 41 41 41 41 41 41 41 41 41 41 41 41 41 41 41 41 41 41 41 41 41 41 41 41 41 41 41 41 41 41 41 41 41 41 41 41 41 41 41 41 41 41 41 41 41 41 41 41 41 41 41 41 41 41 41 41 41 41 41 41 41 41 41 41 41 41 41 41 41 41 41 41 41 41 41 41 41 41 41 41 41 41 41 41 41 41 41 41 41 41 41 41 41 41 41 41 41 41 41 41 41 41 41 41 41 41 41 41 41 41 41 41 41 41 41 41 41 41 41 41 41 41 41 41 41 41 41 41 41 41 41 41 41 41 41 41 41 41 41 41 41 41 41 41 41 41 41 41 41 41 41 41 41 41 41 41 41 41 41 41 41 41 41 41 41 41 41 41 41 41 41 41 41 41 41 41 41 41 41 41 41 41 41 41 41 41 41 41 41 41 41 41 41 41 41 41 41 41 41 41 41 41 41 41 41 41 41 41 41 41 41 41 41 41 41 41 41 41 41 41 41 41 41 41 41 41 41 41 41 41 41 41 41 41 41 41 41 41 41 41 41 41 41 41 41 41 41 41 41 41 41 41 41 41 41 41 41 41 41 41 41 41 41 41 41 41 41 41 41 41 41 41 41 41 41 41 41 41 41 41 41 41 41 41 41 41 41 41 41 41 41 41 41 41 41 41 41 41 41 41 41 41 41 41 41 41 41 41 41 41 41 41 41 41 41 41 41 41 41 41 41 41 41 41 41 41 41 41 41 41 41 41 41 41 41 41 41 41 41 41 41 41 41 41 41 41 41 41 41 41 41 41 41 41 41 41 41 41 41 41 41 41 41 41 41 41 41 41 41 41 41 41 41 41 41 41 41 41 41 41 41 41 41 41 41 41 41 41 41 41 41 41 41 41 41 41 41 41 41 41 41 41 41 41 41 41 41 41 41 41 41 41 41 41 41 41 41 41 41 41 41 41 41 41 41 41 41 41 41 41 41 41 41 41 41 41 41 41 41 41 41 41 41 41 41 41 41 41 41 41 41 41 41 41 41 41 41 41 41 41 41 41 41 41 41 41 41 41 41 41 41 41 41 41 41 41 41 41 41 41 41 41 41 41 41 41 41 41 41 41 41 41 41 41 41 41 41 41 41 41 41 41 41 41 41 41 41 41 41 41 41 41 41 41 41 41 41 41 41 41 41 41 41 41 41 41 41 41 41 41 41 41 41 41 41 41 41 41 41 41 41 41 41 41 41 41 41 41 41 41 41 41 41 41 41 41 41 41 41 41 41 41 41 41 41 41 41 41 41 41 41 41 41 41 41 41 41 41 41 41 41 41 41 41 41 41 41 41 41 41 41 41 41 41 41 41 41 41 41 41 41 41 41 41 41 41 41 41 41 41 41 41 41 41 41 41 41 41 41 41 41 41 41 41 41 41 41 41 41 41 41 41 41 41 41 41 41 41 41 41 41 41 41 41 41 41 41 41 41 41 41 41 41 41 41 41 41 41 41 41 41 41 41 41 41 41 41 41 41 41 41 41 41 41 41 41 41 41 41 41 41 41 41 41 41 41 41 41 41 41 41 41 41 41 41 41 41 41 41 41 41 41 41 41 41 41 41 41 41 41 41 41 41 41 41 41 41 41 41 41 41 41 41 41 41 41 41 41 41 41 41 41 41 41 41 41 41 41 41 41 41 41 41 41 41 41 41 41 41 41 41 41 41 41 41 41 41 41 41 41 41 41 41 41 41 41 41 41 41 41 41 41 41 41 41 41 41 41 41 41 41 41 41 41 41 41 41 41 41 41 41 41 41 41 41 41 41 41 41 41 41 41 41 41 41 41 41 41 41 41 41 41 41 41 41 41 41 41 41 41 41 41 41 41 41 41 41 41 41 41 41 41 41 41 41 41 41 41 41 41 41 41 41 41 41 41 41 41 41 41 41 41 41 41 41 41 41 41 41 41 41 41 41 41 41 41 41 41 41 41 41 41 41 41 41 41 41 41 41 41 41 41 41 41 41 41 41 41 41 41 41 41 41 41 41 41 41 41 41 41 41 41 41 41 41 41 41 41 41 41 41 41 41 41 41 41 41 41 41 41 41 41 41 41 41 41 41 41 41 41 41 41 41 41 41 41 41 41 41 41 41 41 41 41 41 41 41 41 41 41 41 41 41 41 41 41 41 41 41 41 41 41 41 41 41 41 41 41 41 41 41 41 41 41 41 41 41 41 41 41 41 41 41 41 41 41 41 41 41 41 41 41 41 41 41 41 41 41 41 41 41 41 41 41 41 41 41 41 41 41 41 41 41 41 41 41 41 41 41 41 41 41 41 41 41 41 41 41 41 41 41 41 41 41 41 41 41 41 41 41 41 41 41 41 41 41 41 41 41 41 41 41 41 41 41 41 41 41 41 41 41 41 41 41 41 41 41 41 41 41 41 41 41 41 41 41 41 41 41 41 41 41 41 41 41 41 41 41 41 41 41 41 41 41 41 41 41 41 41 41 41 41 41 41 41 41 41 41 41 41 41 41 41 41 41 41 41 41 41 41 41 41 41 41 41 41 41 41 41 41 41 41 41 41 41 41 41 41 41 41 41 41 41 41 41 41 41 41 41 41 41 41 41 41 41 41 41 41 41 41 41 41 41 41 41 41 41 41 41 41 41 41 41 41 41 41 41 41 41 41 41 41 41 41 41 41 41 41 41 41 41 41 41 41 41 41 41 41 41 41 41 41 41 41 41 41 41 41 41 41 41 41 41 41 41 41 41 41 41 41 41 41 41 41 41 41 41 41 41 41 41 41 41 41 41 41 41 41 41 41 41 41 41 41 41 41 41 41 41 41 41 41 41 41 41 41 41 41 41 41 41 41 41 41 41 41 41 41 41 41 41 41 41 41 41 41 41 41 41 41 41 41 41 41 41 41 41 41 41 41 41 41 41 41 41 41 41 41 41 41 41 41 41 41 41 41 41 41 41 41 41 41 41 41 41 41 41 41 41 41 41 41 41 41 41 41 41 41 41 41 41 41 41 41 41 41 41 41 41 41 41 41 41 41 41 41 41 41 41 41 41 41 41 41 41 41 41 41 41 41 41 41 41 41 41 41 41 41 41 41 41 41 41 41 41 41 41 41 41 41 41 41 41 41 41 41 41 41 41 41 41 41 41 41 41 41 41 41 41 41 41 41 41 41 41 41 41 41 41 41 41 41 41 41 41 41 41 41 41 41 41 41 41 41 41 41 41 41 41 41 41 41 41 41 41 41 41 41 41 41 41 41 41 41 41 41 41 41 41 41 41 41 41 41 41 41 41 41 41 41 41 41 41 41 41 41 41 41 41 41 41 41 41 41 41 41 41 41 41 41 41 41 41 41 41 41 41 41 41 41 41 41 41 41 41 41 41 41 41 41 41 41 41 41 41 41 41 41 41 41 41 41 41 41 41 41 41 41 41 41 41 41 41 41 41 41 41 41 41 41 41 41 41 41 41 41 41 41 41 41 41 41 41 41 41 41 41 41 41 41 41 41 41 41 41 41 41 41 41 41 41 41 41 41 41 41 41 41 41 41 41 41 41 41 41 41 41 41 41 41 41 41 41 41 41 41 41 41 41 41 41 41 41 41 41 41 41 41 41 41 41 41 41 41 41 41 41 41 41 41 41 41 41 41 41 41 41 41 41 41 41 41 41 41 41 41 41 41 41 41 41 41 41 41 41 41 41 41 41 41 41 41 41 41 41 41 41 41 41 41 41 41 41 41 41 41 41 41 41 41 41 41 41 41 41 41 41 41 41 41 41 41 41 41 41 41 41 41 41 41 41 41 41 41 41 41 41 41 41 41 41 41 41 41 41 41 41 41 41 41 41 41 41 41 41 41 41 41 41 41 41 41 41 41 41 41 41 41 41 41 41 41 41 41 41 41 41 41 41 41 41 41 41 41 41 41 41 41 41 41 41 41 41 41 41 41 41 41 41 41 41 41 41 41 41 41 41 41 41 41 41 41 41 41 41 41 41 41 41 41 41 41 41 41 41 41 41 41 41 41 41 41 41 41 41 41 41 41 41 41 41 41 41 41 41 41 41 41 41 41 41 41 41 41 41 41 41 41 41 41 41 41 41 41 41 41 41 41 41 41 41 41 41 41 41 41 41 41 41 41 41 41 41 41 41 41 41 41 41 41 41 41 41 41 41 41 41 41 41 41 41 41 41 41 41 41 41 41 41 41 41 41 41 41 41 41 41 41 41 41 41 41 41 41 41 41 41 41 41 41 41 41 41 41 41 41 41 41 41 41 41 41 41 41 41 41 41 41 41 41 41 41 41 41 41 41 41 41 41 41 41 41 41 41 41 41 41 41 41 41 41 41 41 41 41 41 41 41 41 41 41 41 41 41 41 41 41 41 41 41 41 41 41 41 41 41 41 41 41 41 41 41 41 41 41 41 41 41 41 41 41 41 41 41 41 41 41 41 41 41 41 41 41 41 41 41 41 41 41 41 41 41 41 41 41 41 41 41 41 41 41 41 41 41 41 41 41 41 41 41 41 41 41 41 41 41 41 41 41 41 41 41 41 41 41 41 41 41 41 41 41 41 41 41 41 41 41 41 41 41 41 41 41 41 41 41 41 41 41 41 41 41 41 41 41 41 41 41 41 41 41 41 41 41 41 41 41 41 41 41 41 41 41 41 41 41 41 41 41 41 41 41 41 41 41 41 41 41 41 41 41 41 41 41 41 41 41 41 41 41 41 41 41 41 41 41 41 41 41 41 41 41 41 41 41 41 41 41 41 41 41 41 41 41 41 41 41 41 41 41 41 41 41 41 41 41 41 41 41 41 41 41 41 41 41 41 41 41 41 41 41 41 41 41 41 41 41 41 41 41 41 41 41 41 41 41 41 41 41 41 41 41 41 41 41 41 41 41 41 41 41 41 41 41 41 41 41 41 41 41 41 41 41 41 41 41 41 41 41 41 41 41 41 41 41 41 41 41 41 41 41 41 41 41 41 41 41 41 41 41 41 41 41 41 41 41 41 41 41 41 41 41 41 41 41 41 41 41 41 41 41 41 41 41 41 41 41 41 41 41 41 41 41 41 41 41 41 41 41 41 41 41 41 41 41 41 41 41 41 41 41 41 41 41 41 41 41 41 41 41 41 41 41 41 41 41 41 41 41 41 41 41 41 41 41 41 41 41 41 41 41 41 41 41 41 41 41 41 41 41 41 41 41 41 41 41 41 41 41 41 41 41 41 41 41 41 41 41 41 41 41 41 41 41 41 41 41 41 41 41 41 41 41 41 41 41 41 41 41 41 41 41 41 41 41 41 41 41 41 41 41 41 41 41 41 41 41 41 41 41 41 41 41 41 41 41 41 41 41 41 41 41 41 41 41 41 41 41 41 41 41 41 41 41 41 41 41 41 41 41 41 41 41 41 41 41 41 41 41 41 41 41 41 41 41 41 41 41 41 41 41 41 41 41 41 41 41 41 41 41 41 41 41 41 41 41 41 41 41 41 41 41 41 41 41 41 41 41 41 41 41 41 41 41 41 41 41 41 41 41 41 41 41 41 41 41 41 41 41 41 41 41 41 41 41 41 41 41 41 41 41 41 41 41 41 41 41 41 41 41 41 41 41 41 41 41 41 41 41 41 41 41 41 41 41 41 41 41 41 41 41 41 41 41 41 41 41 41 41 41 41 41 41 41 41 41 41 41 41 41 41 41 41 41 41 41 41 41 41 41 41 41 41 41 41 41 41 41 41 41 41 41 41 41 41 41 41 41 41 41 41 41 41 41 41 41 41 41 41 41 41 41 41 41 41 41 41 41 41 41 41 41 41 41 41 41 41 41 41 41 41 41 41 41 41 41 41 41 41 41 41 41 41 41 41 41 41 41 41 41 41 41 41 41 41 41 41 41 41 41 41 41 41 41 41 41 41 41 41 41 41 41 41 41 41 41 41 41 41 41 41 41 41 41 41 41 41 41 41 41 41 41 41 41 41 41 41 41 41 41 41 41 41 41 41 41 41 41 41 41 41 41 41 41 41 41 41 41 41 41 41 41 41 41 41 41 41 41 41 41 41 41 41 41 41 41 41 41 41 41 41 41 41 41 41 41 41 41 41 41 41 41 41 41 41 41 41 41 41 41 41 41 41 41 41 41 41 41 41 41 41 41 41 41 41 41 41 41 41 41 41 41 41 41 41 41 41 41 41 41 41 41 41 41 41 41 41 41 41 41 41 41 41 41 41 41 41 41 41 41 41 41 41 41 41 41 41 41 41 41 41 41 41 41 41 41 41 41 41 41 41 41 41 41 41 41 41 41 41 41 41 41 41 41 41 41 41 41 41 41 41 41 41 41 41 41 41 41 41 41 41 41 41 41 41 41 41 41 41 41 41 41 41 41 41 41 41 41 41 41 41 41 41 41 41 41 41 41 41 41 41 41 41 41 41 41 41 41 41 41 41 41 41 41 41 41 41 41 41 41 41 41 41 41 41 41 41 41 41 41 41 41 41 41 41 41 41 41 41 41 41 41 41 41 41 41 41 41 41 41 41 41 41 41 41 41 41 41 41 41 41 41 41 41 41 41 41 41 41 41 41 41 41 41 41 41 41 41 41 41 41 41 41 41 41 41 41 41 41 41 41 41 41 41 41 41 41 41 41 41 41 41 41 41 41 41 41 41 41 41 41 41 41 41 41 41 41 41 41 41 41 41 41 41 41 41 41 41 41 41 41 41 41 41 41 41 41 41 41 41 41 41 41 41 41 41 41 41 41 41 41 41 41 41 41 41 41 41 41 41 41 41 41 41 41 41 41 41 41 41 41 41 41 41 41 41 41 41 41 41 41 41 41 41 41 41 41 41 41 41 41 41 41 41 41 41 41 41 41 41 41 41 41 41 41 41 41 41 41 41 41 41 41 41 41 41 41 41 41 41 41 41 41 41 41 41 41 41 41 41 41 41 41 41 41 41 41 41 41 41 41 41 41 41 41 41 41 41 41 41 41 41 41 41 41 41 41 41 41 41 41 41 41 41 41 41 41 41 41 41 41 41 41 41 41 41 41 41 41 41 41 41 41 41 41 41 41 41 41 41 41 41 41 41 41 41 41 41 41 41 41 41 41 41 41 41 41 41 41 41 41 41 41 41 41 41 41 41 41 41 41 41 41 41 41 41 41 41 41 41 41 41 41 41 41 41 41 41 41 41 41 41 41 41 41 41 41 41 41 41 41 41 41 41 41 41 41 41 41 41 41 41 41 41 41 41 41 41 41 41 41 41 41 41 41 41 41 41 41 41 41 41 41 41 41 41 41 41 41 41 41 41 41 41 41 41 41 41 41 41 41 41 41 41 41 41 41 41 41 41 41 41 41 41 41 41 41 41 41 41 41 41 41 41 41 41 41 41 41 41 41 41 41 41 41 41 41 41 41 41 41 41 41 41 41 41 41 41 41 41 41 41 41 41 41 41 41 41 41 41 41 41 41 41 41 41 41 41 41 41 41 41 41 41 41 41 41 41 41 41 41 41 41 41 41 41 41 41 41 41 41 41 41 41 41 41 41 41 41 41 41 41 41 41 41 41 41 41 41 41 41 41 41 41 41 41 41 41 41 41 41 41 41 41 41 41 41 41 41 41 41 41 41 41 41 41 41 41 41 41 41 41 41 41 41 41 41 41 41 41 41 41 41 41 41 41 41 41 41 41 41 41 41 41 41 41 41 41 41 41 41 41 41 41 41 41 41 41 41 41 41 41 41 41 41 41 41 41 41 41 41 41 41 41 41 41 41 41 41 41 41 41 41 41 41 41 41 41 41 41 41 41 41 41 41 41 41 41 41 41 41 41 41 41 41 41 41 41 41 41 41 41 41 41 41 41 41 41 41 41 41 41 41 41 41 41 41 41 41 41 41 41 41 41 41 41 41 41 41 41 41 41 41 41 41 41 41 41 41 41 41 41 41 41 41 41 41 41 41 41 41 41 41 41 41 41 41 41 41 41 41 41 41 41 41 41 41 41 41 41 41 41 41 41 41 41 41 41 41 41 41 41 41 41 41 41 41 41 41 41 41 41 41 41 41 41 41 41 41 41 41 41 41 41 41 41 41 41 41 41 41 41 41 41 41 41 41 41 41 41 41 41 41 41 41 41 41 41 41 41 41 41 41 41 41 41 41 41 41 41 41 41 41 41 41 41 41 41 41 41 41 41 41 41 41 41 41 41 41 41 41 41 41 41 41 41 41 41 41 41 41 41 41 41 41 41 41 41 41 00 00 0d 0a,KSTET /.:/AAAAAAAAAAAAAAAAAAAAAAAAAAAAAAAAAAAAAAAAAAAAAAAAAAAAAAAAAAAAAAAAAAAAAAAAAAAAAAAAAAAAAAAAAAAAAAAAAAAAAAAAAAAAAAAAAAAAAAAAAAAAAAAAAAAAAAAAAAAAAAAAAAAAAAAAAAAAAAAAAAAAAAAAAAAAAAAAAAAAAAAAAAAAAAAAAAAAAAAAAAAAAAAAAAAAAAAAAAAAAAAAAAAAAAAAAAAAAAAAAAAAAAAAAAAAAAAAAAAAAAAAAAAAAAAAAAAAAAAAAAAAAAAAAAAAAAAAAAAAAAAAAAAAAAAAAAAAAAAAAAAAAAAAAAAAAAAAAAAAAAAAAAAAAAAAAAAAAAAAAAAAAAAAAAAAAAAAAAAAAAAAAAAAAAAAAAAAAAAAAAAAAAAAAAAAAAAAAAAAAAAAAAAAAAAAAAAAAAAAAAAAAAAAAAAAAAAAAAAAAAAAAAAAAAAAAAAAAAAAAAAAAAAAAAAAAAAAAAAAAAAAAAAAAAAAAAAAAAAAAAAAAAAAAAAAAAAAAAAAAAAAAAAAAAAAAAAAAAAAAAAAAAAAAAAAAAAAAAAAAAAAAAAAAAAAAAAAAAAAAAAAAAAAAAAAAAAAAAAAAAAAAAAAAAAAAAAAAAAAAAAAAAAAAAAAAAAAAAAAAAAAAAAAAAAAAAAAAAAAAAAAAAAAAAAAAAAAAAAAAAAAAAAAAAAAAAAAAAAAAAAAAAAAAAAAAAAAAAAAAAAAAAAAAAAAAAAAAAAAAAAAAAAAAAAAAAAAAAAAAAAAAAAAAAAAAAAAAAAAAAAAAAAAAAAAAAAAAAAAAAAAAAAAAAAAAAAAAAAAAAAAAAAAAAAAAAAAAAAAAAAAAAAAAAAAAAAAAAAAAAAAAAAAAAAAAAAAAAAAAAAAAAAAAAAAAAAAAAAAAAAAAAAAAAAAAAAAAAAAAAAAAAAAAAAAAAAAAAAAAAAAAAAAAAAAAAAAAAAAAAAAAAAAAAAAAAAAAAAAAAAAAAAAAAAAAAAAAAAAAAAAAAAAAAAAAAAAAAAAAAAAAAAAAAAAAAAAAAAAAAAAAAAAAAAAAAAAAAAAAAAAAAAAAAAAAAAAAAAAAAAAAAAAAAAAAAAAAAAAAAAAAAAAAAAAAAAAAAAAAAAAAAAAAAAAAAAAAAAAAAAAAAAAAAAAAAAAAAAAAAAAAAAAAAAAAAAAAAAAAAAAAAAAAAAAAAAAAAAAAAAAAAAAAAAAAAAAAAAAAAAAAAAAAAAAAAAAAAAAAAAAAAAAAAAAAAAAAAAAAAAAAAAAAAAAAAAAAAAAAAAAAAAAAAAAAAAAAAAAAAAAAAAAAAAAAAAAAAAAAAAAAAAAAAAAAAAAAAAAAAAAAAAAAAAAAAAAAAAAAAAAAAAAAAAAAAAAAAAAAAAAAAAAAAAAAAAAAAAAAAAAAAAAAAAAAAAAAAAAAAAAAAAAAAAAAAAAAAAAAAAAAAAAAAAAAAAAAAAAAAAAAAAAAAAAAAAAAAAAAAAAAAAAAAAAAAAAAAAAAAAAAAAAAAAAAAAAAAAAAAAAAAAAAAAAAAAAAAAAAAAAAAAAAAAAAAAAAAAAAAAAAAAAAAAAAAAAAAAAAAAAAAAAAAAAAAAAAAAAAAAAAAAAAAAAAAAAAAAAAAAAAAAAAAAAAAAAAAAAAAAAAAAAAAAAAAAAAAAAAAAAAAAAAAAAAAAAAAAAAAAAAAAAAAAAAAAAAAAAAAAAAAAAAAAAAAAAAAAAAAAAAAAAAAAAAAAAAAAAAAAAAAAAAAAAAAAAAAAAAAAAAAAAAAAAAAAAAAAAAAAAAAAAAAAAAAAAAAAAAAAAAAAAAAAAAAAAAAAAAAAAAAAAAAAAAAAAAAAAAAAAAAAAAAAAAAAAAAAAAAAAAAAAAAAAAAAAAAAAAAAAAAAAAAAAAAAAAAAAAAAAAAAAAAAAAAAAAAAAAAAAAAAAAAAAAAAAAAAAAAAAAAAAAAAAAAAAAAAAAAAAAAAAAAAAAAAAAAAAAAAAAAAAAAAAAAAAAAAAAAAAAAAAAAAAAAAAAAAAAAAAAAAAAAAAAAAAAAAAAAAAAAAAAAAAAAAAAAAAAAAAAAAAAAAAAAAAAAAAAAAAAAAAAAAAAAAAAAAAAAAAAAAAAAAAAAAAAAAAAAAAAAAAAAAAAAAAAAAAAAAAAAAAAAAAAAAAAAAAAAAAAAAAAAAAAAAAAAAAAAAAAAAAAAAAAAAAAAAAAAAAAAAAAAAAAAAAAAAAAAAAAAAAAAAAAAAAAAAAAAAAAAAAAAAAAAAAAAAAAAAAAAAAAAAAAAAAAAAAAAAAAAAAAAAAAAAAAAAAAAAAAAAAAAAAAAAAAAAAAAAAAAAAAAAAAAAAAAAAAAAAAAAAAAAAAAAAAAAAAAAAAAAAAAAAAAAAAAAAAAAAAAAAAAAAAAAAAAAAAAAAAAAAAAAAAAAAAAAAAAAAAAAAAAAAAAAAAAAAAAAAAAAAAAAAAAAAAAAAAAAAAAAAAAAAAAAAAAAAAAAAAAAAAAAAAAAAAAAAAAAAAAAAAAAAAAAAAAAAAAAAAAAAAAAAAAAAAAAAAAAAAAAAAAAAAAAAAAAAAAAAAAAAAAAAAAAAAAAAAAAAAAAAAAAAAAAAAAAAAAAAAAAAAAAAAAAAAAAAAAAAAAAAAAAAAAAAAAAAAAAAAAAAAAAAAAAAAAAAAAAAAAAAAAAAAAAAAAAAAAAAAAAAAAAAAAAAAAAAAAAAAAAAAAAAAAAAAAAAAAAAAAAAAAAAAAAAAAAAAAAAAAAAAAAAAAAAAAAAAAAAAAAAAAAAAAAAAAAAAAAAAAAAAAAAAAAAAAAAAAAAAAAAAAAAAAAAAAAAAAAAAAAAAAAAAAAAAAAAAAAAAAAAAAAAAAAAAAAAAAAAAAAAAAAAAAAAAAAAAAAAAAAAAAAAAAAAAAAAAAAAAAAAAAAAAAAAAAAAAAAAAAAAAAAAAAAAAAAAAAAAAAAAAAAAAAAAAAAAAAAAAAAAAAAAAAAAAAAAAAAAAAAAAAAAAAAAAAAAAAAAAAAAAAAAAAAAAAAAAAAAAAAAAAAAAAAAAAAAAAAAAAAAAAAAAAAAAAAAAAAAAAAAAAAAAAAAAAAAAAAAAAAAAAAAAAAAAAAAAAAAAAAAAAAAAAAAAAAAAAAAAAAAAAAAAAAAAAAAAAAAAAAAAAAAAAAAAAAAAAAAAAAAAAAAAAAAAAAAAAAAAAAAAAAAAAAAAAAAAAAAAAAAAAAAAAAAAAAAAAAAAAAAAAAAAAAAAAAAAAAAAAAAAAAAAAAAAAAAAAAAAAAAAAAAAAAAAAAAAAAAAAAAAAAAAAAAAAAAAAAAAAAAAAAAAAAAAAAAAAAAAAAAAAAAAAAAAAAAAAAAAAAAAAAAAAAAAAAAAAAAAAAAAAAAAAAAAAAAAAAAAAAAAAAAAAAAAAAAAAAAAAAAAAAAAAAAAAAAAAAAAAAAAAAAAAAAAAAAAAAAAAAAAAAAAAAAAAAAAAAAAAAAAAAAAAAAAAAAAAAAAAAAAAAAAAAAAAAAAAAAAAAAAAAAAAAAAAAAAAAAAAAAAAAAAAAAAAAAAAAAAAAAAAAAAAAAAAAAAAAAAAAAAAAAAAAAAAAAAAAAAAAAAAAAAAAAAAAAAAAAAAAAAAAAAAAAAAAAAAAAAAAAAAAAAAAAAAAAAAAAAAAAAAAAAAAAAAAAAAAAAAAAAAAAAAAAAAAAAAAAAAAAAAAAAAAAAAAAAAAAAAAAAAAAAAAAAAAAAAAAAAAAAAAAAAAAAAAAAAAAAAAAAAAAAAAAAAAAAAAAAAAAAAAAAAAAAAAAAAAAAAAAAAAAAAAAAAAAAAAAAAAAAAAAAAAAAAAAAAAAAAAAAAAAAAAAAAAAAAAAAAAAAAAAAAAAAAAAAAAAAAAAAAAAAAAAAAAAAAAAAAAAAAAAAAAAAAAAAAAAAAAAAAAAAAAAAAAAAAAAAAAAAAAAAAAAAAAAAAAAAAAAAAAAAAAAAAAAAAAAAAAAAAAAAAAAAAAAAAAAAAAAAAAAAAAAAAAAAAAAAAAAAAAAAAAAAAAAAAAAAAAAAAAAAAAAAAAAAAAAAAAAAAAAAAAAAAAAAAAAAAAAAAAAAAAAAAAAAAAAAAAAAAAAAAAAAAAAAAAAAAAAAAAAAAAAAAAAAAAAAAAAAAAAAAAAAAAAAAAAAAAAAAAAAAAAAAAAAAAAAAAAAAAAAAAAAAAAAAAAAAAAAAAAAAAAAAAAAAAAAAAAAAAAAAAAAAAAAAAAAAAAAAAAAAAAAAAAAAAAAAAAAAAAAAAAAAAAAAAAAAAAAAAAAAAAAAAAAAAAAAAAAAAAAAAAAAAAAAAAAAAAAAAAAAAAAAAAAAAAAAAAAAAAAAAAAAAAAAAAAAAAAAAAAAAAAAAAAAAAAAAAAAAAAAAAAAAAAAAAAAAAAAAAAAAAAAAAAAAAAAAAAAAAAAAAAAAAAAAAAAAAAAAAAAAAAAAAAAAAAAAAAAAAAAAAAAAAAAAAAAAAAAAAAAAAAAAAAAAAAAAAAAAAAAAAAAAAAAAAAAAAAAAAAAAAAAAAAAAAAAAAAAAAAAAAAAAAAAAAAAAAAAAAAAAAAAAAAAAAAAAAAAAAAAAAAAAAAAAAAAAAAAAAAAAAAAAAAAAAAAAAAAAAAAAAAAAAAAAAAAAAAAAAAAAAAAAAAAAAAAAAAAAAAAAAAAAAAAAAAAAAAAAAAAAAAAAAAAAAAAAAAAAAAAAAAAAAAAAAAAAAAAAAAAAAAAAAAAAAAAAAAAAAAAAAAAAAAAAAAAAAAAAAAAAAAAAAAAAAAAAAAAAAAAAAAAAAAAAAAAAAAAAAAAAAAAAAAAAAAAAAAAAAAAAAAAAAAAAAAAAAAAAAAAAAAAAAAAAAAAAAAAAAAAAAAAAAAAAAAAAAAAAAAAAAAAAAAAAAAAAAAAAAAAAAAAAAAAAAAAAAAAAAAAAAAAAAAAAAAAAAAAAAAAAAAAAAAAAAAAAAAAAAAAAAAAAAAAAAAAAAAAAAAAAAAAAA
2020-07-08T12:04:55.531000,open step,,,Contact process monitor
2020-07-08T12:04:55.531000,check,,,procmon.post_send()
2020-07-08T12:04:55.953000,fail,,,"procmon detected crash on test case #2: [INVALID]:41414141 Unable to disassemble at 41414141 from thread 2772 caused access violation
when attempting to read from 0x41414141

CONTEXT DUMP
  EIP: 41414141 Unable to disassemble at 41414141
  EAX: 01b8f990 (  28899728) -> KSTET /.:/AAAAAAAAAAAAAAAAAAAAAAAAAAAAAAAAAAAAAAAAAAAAAAAAAAAAAAAAAAAAAAAAAAAAAAAAAAAAAAAAAAAAAAAAAA (stack)
  EBX: 00000064 (       100) -> N/A
  ECX: 008b5db0 (   9133488) -> 7g3 (heap)
  EDX: 00000000 (         0) -> N/A
  EDI: 00000000 (         0) -> N/A
  ESI: 00000000 (         0) -> N/A
  EBP: 41414141 (1094795585) -> N/A
  ESP: 01b8f9e0 (  28899808) -> AAAAAAAAAAAAAAAAAAAA (stack)
  +00: 41414141 (1094795585) -> N/A
  +04: 41414141 (1094795585) -> N/A
  +08: 41414141 (1094795585) -> N/A
  +0c: 41414141 (1094795585) -> N/A
  +10: 41414141 (1094795585) -> N/A
  +14: 00000000 (         0) -> N/A

disasm around:
	0x41414141 Unable to disassemble

SEH unwind:
	ffffffff -> ntdll.dll:7709e335 mov edi,edi

"
2020-07-08T12:04:55.953000,info,,,Closing target connection...
2020-07-08T12:04:55.953000,info,,,Connection closed.
2020-07-08T12:04:55.953000,open step,,,Sleep between tests.
2020-07-08T12:04:55.953000,info,,,sleeping for 1.000000 seconds
2020-07-08T12:04:56.953000,open step,,,Failure summary
2020-07-08T12:04:56.953000,info,,,"procmon detected crash on test case #2: [INVALID]:41414141 Unable to disassemble at 41414141 from thread 2772 caused access violation
when attempting to read from 0x41414141

CONTEXT DUMP
  EIP: 41414141 Unable to disassemble at 41414141
  EAX: 01b8f990 (  28899728) -> KSTET /.:/AAAAAAAAAAAAAAAAAAAAAAAAAAAAAAAAAAAAAAAAAAAAAAAAAAAAAAAAAAAAAAAAAAAAAAAAAAAAAAAAAAAAAAAAAA (stack)
  EBX: 00000064 (       100) -> N/A
  ECX: 008b5db0 (   9133488) -> 7g3 (heap)
  EDX: 00000000 (         0) -> N/A
  EDI: 00000000 (         0) -> N/A
  ESI: 00000000 (         0) -> N/A
  EBP: 41414141 (1094795585) -> N/A
  ESP: 01b8f9e0 (  28899808) -> AAAAAAAAAAAAAAAAAAAA (stack)
  +00: 41414141 (1094795585) -> N/A
  +04: 41414141 (1094795585) -> N/A
  +08: 41414141 (1094795585) -> N/A
  +0c: 41414141 (1094795585) -> N/A
  +10: 41414141 (1094795585) -> N/A
  +14: 00000000 (         0) -> N/A

disasm around:
	0x41414141 Unable to disassemble

SEH unwind:
	ffffffff -> ntdll.dll:7709e335 mov edi,edi

"
2020-07-08T12:04:56.953000,open step,,,Restarting target
2020-07-08T12:04:56.953000,info,,,Restarting target process
2020-07-08T12:05:05.250000,info,,,Giving the process 3 seconds to settle in
2020-07-08T12:05:08.656000,open test case,,,Test case 3: kstet.no-name.3
2020-07-08T12:05:08.671000,info,,,Type: String. Default value: 'test'. Case 3 of 1441 overall.
2020-07-08T12:05:08.671000,open step,,,Calling procmon pre_send()
2020-07-08T12:05:08.875000,info,,,Opening target connection (172.16.0.24:9999)...
2020-07-08T12:05:08.875000,info,,,Connection opened.
2020-07-08T12:05:08.875000,open step,,,Fuzzing Node 'kstet'
2020-07-08T12:05:08.875000,info,,,Sending 5015 bytes...
2020-07-08T12:05:08.890000,send,5015,4b 53 54 45 54 20 2f 2e 2e 2e 2f 42 42 42 42 42 42 42 42 42 42 42 42 42 42 42 42 42 42 42 42 42 42 42 42 42 42 42 42 42 42 42 42 42 42 42 42 42 42 42 42 42 42 42 42 42 42 42 42 42 42 42 42 42 42 42 42 42 42 42 42 42 42 42 42 42 42 42 42 42 42 42 42 42 42 42 42 42 42 42 42 42 42 42 42 42 42 42 42 42 42 42 42 42 42 42 42 42 42 42 42 42 42 42 42 42 42 42 42 42 42 42 42 42 42 42 42 42 42 42 42 42 42 42 42 42 42 42 42 42 42 42 42 42 42 42 42 42 42 42 42 42 42 42 42 42 42 42 42 42 42 42 42 42 42 42 42 42 42 42 42 42 42 42 42 42 42 42 42 42 42 42 42 42 42 42 42 42 42 42 42 42 42 42 42 42 42 42 42 42 42 42 42 42 42 42 42 42 42 42 42 42 42 42 42 42 42 42 42 42 42 42 42 42 42 42 42 42 42 42 42 42 42 42 42 42 42 42 42 42 42 42 42 42 42 42 42 42 42 42 42 42 42 42 42 42 42 42 42 42 42 42 42 42 42 42 42 42 42 42 42 42 42 42 42 42 42 42 42 42 42 42 42 42 42 42 42 42 42 42 42 42 42 42 42 42 42 42 42 42 42 42 42 42 42 42 42 42 42 42 42 42 42 42 42 42 42 42 42 42 42 42 42 42 42 42 42 42 42 42 42 42 42 42 42 42 42 42 42 42 42 42 42 42 42 42 42 42 42 42 42 42 42 42 42 42 42 42 42 42 42 42 42 42 42 42 42 42 42 42 42 42 42 42 42 42 42 42 42 42 42 42 42 42 42 42 42 42 42 42 42 42 42 42 42 42 42 42 42 42 42 42 42 42 42 42 42 42 42 42 42 42 42 42 42 42 42 42 42 42 42 42 42 42 42 42 42 42 42 42 42 42 42 42 42 42 42 42 42 42 42 42 42 42 42 42 42 42 42 42 42 42 42 42 42 42 42 42 42 42 42 42 42 42 42 42 42 42 42 42 42 42 42 42 42 42 42 42 42 42 42 42 42 42 42 42 42 42 42 42 42 42 42 42 42 42 42 42 42 42 42 42 42 42 42 42 42 42 42 42 42 42 42 42 42 42 42 42 42 42 42 42 42 42 42 42 42 42 42 42 42 42 42 42 42 42 42 42 42 42 42 42 42 42 42 42 42 42 42 42 42 42 42 42 42 42 42 42 42 42 42 42 42 42 42 42 42 42 42 42 42 42 42 42 42 42 42 42 42 42 42 42 42 42 42 42 42 42 42 42 42 42 42 42 42 42 42 42 42 42 42 42 42 42 42 42 42 42 42 42 42 42 42 42 42 42 42 42 42 42 42 42 42 42 42 42 42 42 42 42 42 42 42 42 42 42 42 42 42 42 42 42 42 42 42 42 42 42 42 42 42 42 42 42 42 42 42 42 42 42 42 42 42 42 42 42 42 42 42 42 42 42 42 42 42 42 42 42 42 42 42 42 42 42 42 42 42 42 42 42 42 42 42 42 42 42 42 42 42 42 42 42 42 42 42 42 42 42 42 42 42 42 42 42 42 42 42 42 42 42 42 42 42 42 42 42 42 42 42 42 42 42 42 42 42 42 42 42 42 42 42 42 42 42 42 42 42 42 42 42 42 42 42 42 42 42 42 42 42 42 42 42 42 42 42 42 42 42 42 42 42 42 42 42 42 42 42 42 42 42 42 42 42 42 42 42 42 42 42 42 42 42 42 42 42 42 42 42 42 42 42 42 42 42 42 42 42 42 42 42 42 42 42 42 42 42 42 42 42 42 42 42 42 42 42 42 42 42 42 42 42 42 42 42 42 42 42 42 42 42 42 42 42 42 42 42 42 42 42 42 42 42 42 42 42 42 42 42 42 42 42 42 42 42 42 42 42 42 42 42 42 42 42 42 42 42 42 42 42 42 42 42 42 42 42 42 42 42 42 42 42 42 42 42 42 42 42 42 42 42 42 42 42 42 42 42 42 42 42 42 42 42 42 42 42 42 42 42 42 42 42 42 42 42 42 42 42 42 42 42 42 42 42 42 42 42 42 42 42 42 42 42 42 42 42 42 42 42 42 42 42 42 42 42 42 42 42 42 42 42 42 42 42 42 42 42 42 42 42 42 42 42 42 42 42 42 42 42 42 42 42 42 42 42 42 42 42 42 42 42 42 42 42 42 42 42 42 42 42 42 42 42 42 42 42 42 42 42 42 42 42 42 42 42 42 42 42 42 42 42 42 42 42 42 42 42 42 42 42 42 42 42 42 42 42 42 42 42 42 42 42 42 42 42 42 42 42 42 42 42 42 42 42 42 42 42 42 42 42 42 42 42 42 42 42 42 42 42 42 42 42 42 42 42 42 42 42 42 42 42 42 42 42 42 42 42 42 42 42 42 42 42 42 42 42 42 42 42 42 42 42 42 42 42 42 42 42 42 42 42 42 42 42 42 42 42 42 42 42 42 42 42 42 42 42 42 42 42 42 42 42 42 42 42 42 42 42 42 42 42 42 42 42 42 42 42 42 42 42 42 42 42 42 42 42 42 42 42 42 42 42 42 42 42 42 42 42 42 42 42 42 42 42 42 42 42 42 42 42 42 42 42 42 42 42 42 42 42 42 42 42 42 42 42 42 42 42 42 42 42 42 42 42 42 42 42 42 42 42 42 42 42 42 42 42 42 42 42 42 42 42 42 42 42 42 42 42 42 42 42 42 42 42 42 42 42 42 42 42 42 42 42 42 42 42 42 42 42 42 42 42 42 42 42 42 42 42 42 42 42 42 42 42 42 42 42 42 42 42 42 42 42 42 42 42 42 42 42 42 42 42 42 42 42 42 42 42 42 42 42 42 42 42 42 42 42 42 42 42 42 42 42 42 42 42 42 42 42 42 42 42 42 42 42 42 42 42 42 42 42 42 42 42 42 42 42 42 42 42 42 42 42 42 42 42 42 42 42 42 42 42 42 42 42 42 42 42 42 42 42 42 42 42 42 42 42 42 42 42 42 42 42 42 42 42 42 42 42 42 42 42 42 42 42 42 42 42 42 42 42 42 42 42 42 42 42 42 42 42 42 42 42 42 42 42 42 42 42 42 42 42 42 42 42 42 42 42 42 42 42 42 42 42 42 42 42 42 42 42 42 42 42 42 42 42 42 42 42 42 42 42 42 42 42 42 42 42 42 42 42 42 42 42 42 42 42 42 42 42 42 42 42 42 42 42 42 42 42 42 42 42 42 42 42 42 42 42 42 42 42 42 42 42 42 42 42 42 42 42 42 42 42 42 42 42 42 42 42 42 42 42 42 42 42 42 42 42 42 42 42 42 42 42 42 42 42 42 42 42 42 42 42 42 42 42 42 42 42 42 42 42 42 42 42 42 42 42 42 42 42 42 42 42 42 42 42 42 42 42 42 42 42 42 42 42 42 42 42 42 42 42 42 42 42 42 42 42 42 42 42 42 42 42 42 42 42 42 42 42 42 42 42 42 42 42 42 42 42 42 42 42 42 42 42 42 42 42 42 42 42 42 42 42 42 42 42 42 42 42 42 42 42 42 42 42 42 42 42 42 42 42 42 42 42 42 42 42 42 42 42 42 42 42 42 42 42 42 42 42 42 42 42 42 42 42 42 42 42 42 42 42 42 42 42 42 42 42 42 42 42 42 42 42 42 42 42 42 42 42 42 42 42 42 42 42 42 42 42 42 42 42 42 42 42 42 42 42 42 42 42 42 42 42 42 42 42 42 42 42 42 42 42 42 42 42 42 42 42 42 42 42 42 42 42 42 42 42 42 42 42 42 42 42 42 42 42 42 42 42 42 42 42 42 42 42 42 42 42 42 42 42 42 42 42 42 42 42 42 42 42 42 42 42 42 42 42 42 42 42 42 42 42 42 42 42 42 42 42 42 42 42 42 42 42 42 42 42 42 42 42 42 42 42 42 42 42 42 42 42 42 42 42 42 42 42 42 42 42 42 42 42 42 42 42 42 42 42 42 42 42 42 42 42 42 42 42 42 42 42 42 42 42 42 42 42 42 42 42 42 42 42 42 42 42 42 42 42 42 42 42 42 42 42 42 42 42 42 42 42 42 42 42 42 42 42 42 42 42 42 42 42 42 42 42 42 42 42 42 42 42 42 42 42 42 42 42 42 42 42 42 42 42 42 42 42 42 42 42 42 42 42 42 42 42 42 42 42 42 42 42 42 42 42 42 42 42 42 42 42 42 42 42 42 42 42 42 42 42 42 42 42 42 42 42 42 42 42 42 42 42 42 42 42 42 42 42 42 42 42 42 42 42 42 42 42 42 42 42 42 42 42 42 42 42 42 42 42 42 42 42 42 42 42 42 42 42 42 42 42 42 42 42 42 42 42 42 42 42 42 42 42 42 42 42 42 42 42 42 42 42 42 42 42 42 42 42 42 42 42 42 42 42 42 42 42 42 42 42 42 42 42 42 42 42 42 42 42 42 42 42 42 42 42 42 42 42 42 42 42 42 42 42 42 42 42 42 42 42 42 42 42 42 42 42 42 42 42 42 42 42 42 42 42 42 42 42 42 42 42 42 42 42 42 42 42 42 42 42 42 42 42 42 42 42 42 42 42 42 42 42 42 42 42 42 42 42 42 42 42 42 42 42 42 42 42 42 42 42 42 42 42 42 42 42 42 42 42 42 42 42 42 42 42 42 42 42 42 42 42 42 42 42 42 42 42 42 42 42 42 42 42 42 42 42 42 42 42 42 42 42 42 42 42 42 42 42 42 42 42 42 42 42 42 42 42 42 42 42 42 42 42 42 42 42 42 42 42 42 42 42 42 42 42 42 42 42 42 42 42 42 42 42 42 42 42 42 42 42 42 42 42 42 42 42 42 42 42 42 42 42 42 42 42 42 42 42 42 42 42 42 42 42 42 42 42 42 42 42 42 42 42 42 42 42 42 42 42 42 42 42 42 42 42 42 42 42 42 42 42 42 42 42 42 42 42 42 42 42 42 42 42 42 42 42 42 42 42 42 42 42 42 42 42 42 42 42 42 42 42 42 42 42 42 42 42 42 42 42 42 42 42 42 42 42 42 42 42 42 42 42 42 42 42 42 42 42 42 42 42 42 42 42 42 42 42 42 42 42 42 42 42 42 42 42 42 42 42 42 42 42 42 42 42 42 42 42 42 42 42 42 42 42 42 42 42 42 42 42 42 42 42 42 42 42 42 42 42 42 42 42 42 42 42 42 42 42 42 42 42 42 42 42 42 42 42 42 42 42 42 42 42 42 42 42 42 42 42 42 42 42 42 42 42 42 42 42 42 42 42 42 42 42 42 42 42 42 42 42 42 42 42 42 42 42 42 42 42 42 42 42 42 42 42 42 42 42 42 42 42 42 42 42 42 42 42 42 42 42 42 42 42 42 42 42 42 42 42 42 42 42 42 42 42 42 42 42 42 42 42 42 42 42 42 42 42 42 42 42 42 42 42 42 42 42 42 42 42 42 42 42 42 42 42 42 42 42 42 42 42 42 42 42 42 42 42 42 42 42 42 42 42 42 42 42 42 42 42 42 42 42 42 42 42 42 42 42 42 42 42 42 42 42 42 42 42 42 42 42 42 42 42 42 42 42 42 42 42 42 42 42 42 42 42 42 42 42 42 42 42 42 42 42 42 42 42 42 42 42 42 42 42 42 42 42 42 42 42 42 42 42 42 42 42 42 42 42 42 42 42 42 42 42 42 42 42 42 42 42 42 42 42 42 42 42 42 42 42 42 42 42 42 42 42 42 42 42 42 42 42 42 42 42 42 42 42 42 42 42 42 42 42 42 42 42 42 42 42 42 42 42 42 42 42 42 42 42 42 42 42 42 42 42 42 42 42 42 42 42 42 42 42 42 42 42 42 42 42 42 42 42 42 42 42 42 42 42 42 42 42 42 42 42 42 42 42 42 42 42 42 42 42 42 42 42 42 42 42 42 42 42 42 42 42 42 42 42 42 42 42 42 42 42 42 42 42 42 42 42 42 42 42 42 42 42 42 42 42 42 42 42 42 42 42 42 42 42 42 42 42 42 42 42 42 42 42 42 42 42 42 42 42 42 42 42 42 42 42 42 42 42 42 42 42 42 42 42 42 42 42 42 42 42 42 42 42 42 42 42 42 42 42 42 42 42 42 42 42 42 42 42 42 42 42 42 42 42 42 42 42 42 42 42 42 42 42 42 42 42 42 42 42 42 42 42 42 42 42 42 42 42 42 42 42 42 42 42 42 42 42 42 42 42 42 42 42 42 42 42 42 42 42 42 42 42 42 42 42 42 42 42 42 42 42 42 42 42 42 42 42 42 42 42 42 42 42 42 42 42 42 42 42 42 42 42 42 42 42 42 42 42 42 42 42 42 42 42 42 42 42 42 42 42 42 42 42 42 42 42 42 42 42 42 42 42 42 42 42 42 42 42 42 42 42 42 42 42 42 42 42 42 42 42 42 42 42 42 42 42 42 42 42 42 42 42 42 42 42 42 42 42 42 42 42 42 42 42 42 42 42 42 42 42 42 42 42 42 42 42 42 42 42 42 42 42 42 42 42 42 42 42 42 42 42 42 42 42 42 42 42 42 42 42 42 42 42 42 42 42 42 42 42 42 42 42 42 42 42 42 42 42 42 42 42 42 42 42 42 42 42 42 42 42 42 42 42 42 42 42 42 42 42 42 42 42 42 42 42 42 42 42 42 42 42 42 42 42 42 42 42 42 42 42 42 42 42 42 42 42 42 42 42 42 42 42 42 42 42 42 42 42 42 42 42 42 42 42 42 42 42 42 42 42 42 42 42 42 42 42 42 42 42 42 42 42 42 42 42 42 42 42 42 42 42 42 42 42 42 42 42 42 42 42 42 42 42 42 42 42 42 42 42 42 42 42 42 42 42 42 42 42 42 42 42 42 42 42 42 42 42 42 42 42 42 42 42 42 42 42 42 42 42 42 42 42 42 42 42 42 42 42 42 42 42 42 42 42 42 42 42 42 42 42 42 42 42 42 42 42 42 42 42 42 42 42 42 42 42 42 42 42 42 42 42 42 42 42 42 42 42 42 42 42 42 42 42 42 42 42 42 42 42 42 42 42 42 42 42 42 42 42 42 42 42 42 42 42 42 42 42 42 42 42 42 42 42 42 42 42 42 42 42 42 42 42 42 42 42 42 42 42 42 42 42 42 42 42 42 42 42 42 42 42 42 42 42 42 42 42 42 42 42 42 42 42 42 42 42 42 42 42 42 42 42 42 42 42 42 42 42 42 42 42 42 42 42 42 42 42 42 42 42 42 42 42 42 42 42 42 42 42 42 42 42 42 42 42 42 42 42 42 42 42 42 42 42 42 42 42 42 42 42 42 42 42 42 42 42 42 42 42 42 42 42 42 42 42 42 42 42 42 42 42 42 42 42 42 42 42 42 42 42 42 42 42 42 42 42 42 42 42 42 42 42 42 42 42 42 42 42 42 42 42 42 42 42 42 42 42 42 42 42 42 42 42 42 42 42 42 42 42 42 42 42 42 42 42 42 42 42 42 42 42 42 42 42 42 42 42 42 42 42 42 42 42 42 42 42 42 42 42 42 42 42 42 42 42 42 42 42 42 42 42 42 42 42 42 42 42 42 42 42 42 42 42 42 42 42 42 42 42 42 42 42 42 42 42 42 42 42 42 42 42 42 42 42 42 42 42 42 42 42 42 42 42 42 42 42 42 42 42 42 42 42 42 42 42 42 42 42 42 42 42 42 42 42 42 42 42 42 42 42 42 42 42 42 42 42 42 42 42 42 42 42 42 42 42 42 42 42 42 42 42 42 42 42 42 42 42 42 42 42 42 42 42 42 42 42 42 42 42 42 42 42 42 42 42 42 42 42 42 42 42 42 42 42 42 42 42 42 42 42 42 42 42 42 42 42 42 42 42 42 42 42 42 42 42 42 42 42 42 42 42 42 42 42 42 42 42 42 42 42 42 42 42 42 42 42 42 42 42 42 42 42 42 42 42 42 42 42 42 42 42 42 42 42 42 42 42 42 42 42 42 42 42 42 42 42 42 42 42 42 42 42 42 42 42 42 42 42 42 42 42 42 42 42 42 42 42 42 42 42 42 42 42 42 42 42 42 42 42 42 42 42 42 42 42 42 42 42 42 42 42 42 42 42 42 42 42 42 42 42 42 42 42 42 42 42 42 42 42 42 42 42 42 42 42 42 42 42 42 42 42 42 42 42 42 42 42 42 42 42 42 42 42 42 42 42 42 42 42 42 42 42 42 42 42 42 42 42 42 42 42 42 42 42 42 42 42 42 42 42 42 42 42 42 42 42 42 42 42 42 42 42 42 42 42 42 42 42 42 42 42 42 42 42 42 42 42 42 42 42 42 42 42 42 42 42 42 42 42 42 42 42 42 42 42 42 42 42 42 42 42 42 42 42 42 42 42 42 42 42 42 42 42 42 42 42 42 42 42 42 42 42 42 42 42 42 42 42 42 42 42 42 42 42 42 42 42 42 42 42 42 42 42 42 42 42 42 42 42 42 42 42 42 42 42 42 42 42 42 42 42 42 42 42 42 42 42 42 42 42 42 42 42 42 42 42 42 42 42 42 42 42 42 42 42 42 42 42 42 42 42 42 42 42 42 42 42 42 42 42 42 42 42 42 42 42 42 42 42 42 42 42 42 42 42 42 42 42 42 42 42 42 42 42 42 42 42 42 42 42 42 42 42 42 42 42 42 42 42 42 42 42 42 42 42 42 42 42 42 42 42 42 42 42 42 42 42 42 42 42 42 42 42 42 42 42 42 42 42 42 42 42 42 42 42 42 42 42 42 42 42 42 42 42 42 42 42 42 42 42 42 42 42 42 42 42 42 42 42 42 42 42 42 42 42 42 42 42 42 42 42 42 42 42 42 42 42 42 42 42 42 42 42 42 42 42 42 42 42 42 42 42 42 42 42 42 42 42 42 42 42 42 42 42 42 42 42 42 42 42 42 42 42 42 42 42 42 42 42 42 42 42 42 42 42 42 42 42 42 42 42 42 42 42 42 42 42 42 42 42 42 42 42 42 42 42 42 42 42 42 42 42 42 42 42 42 42 42 42 42 42 42 42 42 42 42 42 42 42 42 42 42 42 42 42 42 42 42 42 42 42 42 42 42 42 42 42 42 42 42 42 42 42 42 42 42 42 42 42 42 42 42 42 42 42 42 42 42 42 42 42 42 42 42 42 42 42 42 42 42 42 42 42 42 42 42 42 42 42 42 42 42 42 42 42 42 42 42 42 42 42 42 42 42 42 42 42 42 42 42 42 42 42 42 42 42 42 42 42 42 42 42 42 42 42 42 42 42 42 42 42 42 42 42 42 42 42 42 42 42 42 42 42 42 42 42 42 42 42 42 42 42 42 42 42 42 42 42 42 42 42 42 42 42 42 42 42 42 42 42 42 42 42 42 42 42 42 42 42 42 42 42 42 42 42 42 42 42 42 42 42 42 42 42 42 42 42 42 42 42 42 42 42 42 42 42 42 42 42 42 42 42 42 42 42 42 42 42 42 42 42 42 42 42 42 42 42 42 42 42 42 42 42 42 42 42 42 42 42 42 42 42 42 42 42 42 42 42 42 42 42 42 42 42 42 42 42 42 42 42 42 42 42 42 42 42 42 42 42 42 42 42 42 42 42 42 42 42 42 42 42 42 42 42 42 42 42 42 42 42 42 42 42 42 42 42 42 42 42 42 42 42 42 42 42 42 42 42 42 42 42 42 42 42 42 42 42 42 42 42 42 42 42 42 42 42 42 42 42 42 42 42 42 42 42 42 42 42 42 42 42 42 42 42 42 42 42 42 42 42 42 42 42 42 42 42 42 42 42 42 42 42 42 42 42 42 42 42 42 42 42 42 42 42 42 42 42 42 42 42 42 42 42 42 42 42 42 42 42 42 42 42 42 42 42 42 42 42 42 42 42 42 42 42 42 42 42 42 42 42 42 42 42 42 42 42 42 42 42 42 42 42 42 42 42 42 42 42 42 42 42 42 42 42 42 42 42 42 42 42 42 42 42 42 42 42 42 42 42 42 42 42 42 42 42 42 42 42 42 42 42 42 42 42 42 42 42 42 42 42 42 42 42 42 42 42 42 42 42 42 42 42 42 42 42 42 42 42 42 42 42 42 42 42 42 42 42 42 42 42 42 42 42 42 42 42 42 42 42 42 42 42 42 42 42 42 42 42 42 42 42 42 42 42 42 42 42 42 42 42 42 42 42 42 42 42 42 42 42 42 42 42 42 42 42 42 42 42 42 42 42 42 42 42 42 42 42 42 42 42 42 42 42 42 42 42 42 42 42 42 42 42 42 42 42 42 42 42 42 42 42 42 42 42 42 42 42 42 42 42 42 42 42 42 42 42 42 42 42 42 42 42 42 42 42 42 42 42 42 42 42 42 42 42 42 42 42 42 42 42 42 42 42 42 42 42 42 42 42 42 42 42 42 42 42 42 42 42 42 42 42 42 42 42 42 42 42 42 42 42 42 42 42 42 42 42 42 42 42 42 42 42 42 42 42 42 42 42 42 42 42 42 42 42 42 42 42 42 42 42 42 42 42 42 42 42 42 42 42 42 42 42 42 42 42 42 42 42 42 42 42 42 42 42 42 42 42 42 42 42 42 42 42 42 42 42 42 42 42 42 42 42 42 42 42 42 42 42 42 42 42 42 42 42 42 42 42 42 42 42 42 42 42 42 42 42 42 42 42 42 42 42 42 42 42 42 42 42 42 42 42 42 42 42 42 42 42 42 42 42 42 42 42 42 42 42 42 42 42 42 42 42 42 42 42 42 42 42 42 42 42 42 42 42 42 42 42 42 42 42 42 42 42 42 42 42 42 42 42 42 42 42 42 42 42 42 42 42 42 42 42 42 42 42 42 42 42 42 42 42 42 42 42 42 42 42 42 42 42 42 42 42 42 42 42 42 42 42 42 42 42 42 42 42 42 42 42 42 42 42 42 42 42 42 42 42 42 42 42 42 42 42 42 42 42 42 42 42 42 42 42 42 42 42 42 42 42 42 42 42 42 42 42 42 42 42 42 42 42 42 42 42 42 42 42 42 42 42 42 42 42 42 42 42 42 42 42 42 42 42 42 42 42 42 42 42 42 42 42 42 42 42 42 42 42 42 42 42 42 42 42 42 42 42 42 42 42 42 42 42 42 42 42 42 42 42 42 42 42 42 42 42 42 42 42 42 42 42 42 42 00 00 0d 0a,KSTET /.../BBBBBBBBBBBBBBBBBBBBBBBBBBBBBBBBBBBBBBBBBBBBBBBBBBBBBBBBBBBBBBBBBBBBBBBBBBBBBBBBBBBBBBBBBBBBBBBBBBBBBBBBBBBBBBBBBBBBBBBBBBBBBBBBBBBBBBBBBBBBBBBBBBBBBBBBBBBBBBBBBBBBBBBBBBBBBBBBBBBBBBBBBBBBBBBBBBBBBBBBBBBBBBBBBBBBBBBBBBBBBBBBBBBBBBBBBBBBBBBBBBBBBBBBBBBBBBBBBBBBBBBBBBBBBBBBBBBBBBBBBBBBBBBBBBBBBBBBBBBBBBBBBBBBBBBBBBBBBBBBBBBBBBBBBBBBBBBBBBBBBBBBBBBBBBBBBBBBBBBBBBBBBBBBBBBBBBBBBBBBBBBBBBBBBBBBBBBBBBBBBBBBBBBBBBBBBBBBBBBBBBBBBBBBBBBBBBBBBBBBBBBBBBBBBBBBBBBBBBBBBBBBBBBBBBBBBBBBBBBBBBBBBBBBBBBBBBBBBBBBBBBBBBBBBBBBBBBBBBBBBBBBBBBBBBBBBBBBBBBBBBBBBBBBBBBBBBBBBBBBBBBBBBBBBBBBBBBBBBBBBBBBBBBBBBBBBBBBBBBBBBBBBBBBBBBBBBBBBBBBBBBBBBBBBBBBBBBBBBBBBBBBBBBBBBBBBBBBBBBBBBBBBBBBBBBBBBBBBBBBBBBBBBBBBBBBBBBBBBBBBBBBBBBBBBBBBBBBBBBBBBBBBBBBBBBBBBBBBBBBBBBBBBBBBBBBBBBBBBBBBBBBBBBBBBBBBBBBBBBBBBBBBBBBBBBBBBBBBBBBBBBBBBBBBBBBBBBBBBBBBBBBBBBBBBBBBBBBBBBBBBBBBBBBBBBBBBBBBBBBBBBBBBBBBBBBBBBBBBBBBBBBBBBBBBBBBBBBBBBBBBBBBBBBBBBBBBBBBBBBBBBBBBBBBBBBBBBBBBBBBBBBBBBBBBBBBBBBBBBBBBBBBBBBBBBBBBBBBBBBBBBBBBBBBBBBBBBBBBBBBBBBBBBBBBBBBBBBBBBBBBBBBBBBBBBBBBBBBBBBBBBBBBBBBBBBBBBBBBBBBBBBBBBBBBBBBBBBBBBBBBBBBBBBBBBBBBBBBBBBBBBBBBBBBBBBBBBBBBBBBBBBBBBBBBBBBBBBBBBBBBBBBBBBBBBBBBBBBBBBBBBBBBBBBBBBBBBBBBBBBBBBBBBBBBBBBBBBBBBBBBBBBBBBBBBBBBBBBBBBBBBBBBBBBBBBBBBBBBBBBBBBBBBBBBBBBBBBBBBBBBBBBBBBBBBBBBBBBBBBBBBBBBBBBBBBBBBBBBBBBBBBBBBBBBBBBBBBBBBBBBBBBBBBBBBBBBBBBBBBBBBBBBBBBBBBBBBBBBBBBBBBBBBBBBBBBBBBBBBBBBBBBBBBBBBBBBBBBBBBBBBBBBBBBBBBBBBBBBBBBBBBBBBBBBBBBBBBBBBBBBBBBBBBBBBBBBBBBBBBBBBBBBBBBBBBBBBBBBBBBBBBBBBBBBBBBBBBBBBBBBBBBBBBBBBBBBBBBBBBBBBBBBBBBBBBBBBBBBBBBBBBBBBBBBBBBBBBBBBBBBBBBBBBBBBBBBBBBBBBBBBBBBBBBBBBBBBBBBBBBBBBBBBBBBBBBBBBBBBBBBBBBBBBBBBBBBBBBBBBBBBBBBBBBBBBBBBBBBBBBBBBBBBBBBBBBBBBBBBBBBBBBBBBBBBBBBBBBBBBBBBBBBBBBBBBBBBBBBBBBBBBBBBBBBBBBBBBBBBBBBBBBBBBBBBBBBBBBBBBBBBBBBBBBBBBBBBBBBBBBBBBBBBBBBBBBBBBBBBBBBBBBBBBBBBBBBBBBBBBBBBBBBBBBBBBBBBBBBBBBBBBBBBBBBBBBBBBBBBBBBBBBBBBBBBBBBBBBBBBBBBBBBBBBBBBBBBBBBBBBBBBBBBBBBBBBBBBBBBBBBBBBBBBBBBBBBBBBBBBBBBBBBBBBBBBBBBBBBBBBBBBBBBBBBBBBBBBBBBBBBBBBBBBBBBBBBBBBBBBBBBBBBBBBBBBBBBBBBBBBBBBBBBBBBBBBBBBBBBBBBBBBBBBBBBBBBBBBBBBBBBBBBBBBBBBBBBBBBBBBBBBBBBBBBBBBBBBBBBBBBBBBBBBBBBBBBBBBBBBBBBBBBBBBBBBBBBBBBBBBBBBBBBBBBBBBBBBBBBBBBBBBBBBBBBBBBBBBBBBBBBBBBBBBBBBBBBBBBBBBBBBBBBBBBBBBBBBBBBBBBBBBBBBBBBBBBBBBBBBBBBBBBBBBBBBBBBBBBBBBBBBBBBBBBBBBBBBBBBBBBBBBBBBBBBBBBBBBBBBBBBBBBBBBBBBBBBBBBBBBBBBBBBBBBBBBBBBBBBBBBBBBBBBBBBBBBBBBBBBBBBBBBBBBBBBBBBBBBBBBBBBBBBBBBBBBBBBBBBBBBBBBBBBBBBBBBBBBBBBBBBBBBBBBBBBBBBBBBBBBBBBBBBBBBBBBBBBBBBBBBBBBBBBBBBBBBBBBBBBBBBBBBBBBBBBBBBBBBBBBBBBBBBBBBBBBBBBBBBBBBBBBBBBBBBBBBBBBBBBBBBBBBBBBBBBBBBBBBBBBBBBBBBBBBBBBBBBBBBBBBBBBBBBBBBBBBBBBBBBBBBBBBBBBBBBBBBBBBBBBBBBBBBBBBBBBBBBBBBBBBBBBBBBBBBBBBBBBBBBBBBBBBBBBBBBBBBBBBBBBBBBBBBBBBBBBBBBBBBBBBBBBBBBBBBBBBBBBBBBBBBBBBBBBBBBBBBBBBBBBBBBBBBBBBBBBBBBBBBBBBBBBBBBBBBBBBBBBBBBBBBBBBBBBBBBBBBBBBBBBBBBBBBBBBBBBBBBBBBBBBBBBBBBBBBBBBBBBBBBBBBBBBBBBBBBBBBBBBBBBBBBBBBBBBBBBBBBBBBBBBBBBBBBBBBBBBBBBBBBBBBBBBBBBBBBBBBBBBBBBBBBBBBBBBBBBBBBBBBBBBBBBBBBBBBBBBBBBBBBBBBBBBBBBBBBBBBBBBBBBBBBBBBBBBBBBBBBBBBBBBBBBBBBBBBBBBBBBBBBBBBBBBBBBBBBBBBBBBBBBBBBBBBBBBBBBBBBBBBBBBBBBBBBBBBBBBBBBBBBBBBBBBBBBBBBBBBBBBBBBBBBBBBBBBBBBBBBBBBBBBBBBBBBBBBBBBBBBBBBBBBBBBBBBBBBBBBBBBBBBBBBBBBBBBBBBBBBBBBBBBBBBBBBBBBBBBBBBBBBBBBBBBBBBBBBBBBBBBBBBBBBBBBBBBBBBBBBBBBBBBBBBBBBBBBBBBBBBBBBBBBBBBBBBBBBBBBBBBBBBBBBBBBBBBBBBBBBBBBBBBBBBBBBBBBBBBBBBBBBBBBBBBBBBBBBBBBBBBBBBBBBBBBBBBBBBBBBBBBBBBBBBBBBBBBBBBBBBBBBBBBBBBBBBBBBBBBBBBBBBBBBBBBBBBBBBBBBBBBBBBBBBBBBBBBBBBBBBBBBBBBBBBBBBBBBBBBBBBBBBBBBBBBBBBBBBBBBBBBBBBBBBBBBBBBBBBBBBBBBBBBBBBBBBBBBBBBBBBBBBBBBBBBBBBBBBBBBBBBBBBBBBBBBBBBBBBBBBBBBBBBBBBBBBBBBBBBBBBBBBBBBBBBBBBBBBBBBBBBBBBBBBBBBBBBBBBBBBBBBBBBBBBBBBBBBBBBBBBBBBBBBBBBBBBBBBBBBBBBBBBBBBBBBBBBBBBBBBBBBBBBBBBBBBBBBBBBBBBBBBBBBBBBBBBBBBBBBBBBBBBBBBBBBBBBBBBBBBBBBBBBBBBBBBBBBBBBBBBBBBBBBBBBBBBBBBBBBBBBBBBBBBBBBBBBBBBBBBBBBBBBBBBBBBBBBBBBBBBBBBBBBBBBBBBBBBBBBBBBBBBBBBBBBBBBBBBBBBBBBBBBBBBBBBBBBBBBBBBBBBBBBBBBBBBBBBBBBBBBBBBBBBBBBBBBBBBBBBBBBBBBBBBBBBBBBBBBBBBBBBBBBBBBBBBBBBBBBBBBBBBBBBBBBBBBBBBBBBBBBBBBBBBBBBBBBBBBBBBBBBBBBBBBBBBBBBBBBBBBBBBBBBBBBBBBBBBBBBBBBBBBBBBBBBBBBBBBBBBBBBBBBBBBBBBBBBBBBBBBBBBBBBBBBBBBBBBBBBBBBBBBBBBBBBBBBBBBBBBBBBBBBBBBBBBBBBBBBBBBBBBBBBBBBBBBBBBBBBBBBBBBBBBBBBBBBBBBBBBBBBBBBBBBBBBBBBBBBBBBBBBBBBBBBBBBBBBBBBBBBBBBBBBBBBBBBBBBBBBBBBBBBBBBBBBBBBBBBBBBBBBBBBBBBBBBBBBBBBBBBBBBBBBBBBBBBBBBBBBBBBBBBBBBBBBBBBBBBBBBBBBBBBBBBBBBBBBBBBBBBBBBBBBBBBBBBBBBBBBBBBBBBBBBBBBBBBBBBBBBBBBBBBBBBBBBBBBBBBBBBBBBBBBBBBBBBBBBBBBBBBBBBBBBBBBBBBBBBBBBBBBBBBBBBBBBBBBBBBBBBBBBBBBBBBBBBBBBBBBBBBBBBBBBBBBBBBBBBBBBBBBBBBBBBBBBBBBBBBBBBBBBBBBBBBBBBBBBBBBBBBBBBBBBBBBBBBBBBBBBBBBBBBBBBBBBBBBBBBBBBBBBBBBBBBBBBBBBBBBBBBBBBBBBBBBBBBBBBBBBBBBBBBBBBBBBBBBBBBBBBBBBBBBBBBBBBBBBBBBBBBBBBBBBBBBBBBBBBBBBBBBBBBBBBBBBBBBBBBBBBBBBBBBBBBBBBBBBBBBBBBBBBBBBBBBBBBBBBBBBBBBBBBBBBBBBBBBBBBBBBBBBBBBBBBBBBBBBBBBBBBBBBBBBBBBBBBBBBBBBBBBBBBBBBBBBBBBBBBBBBBBBBBBBBBBBBBBBBBBBBBBBBBBBBBBBBBBBBBBBBBBBBBBBBBBBBBBBBBBBBBBBBBBBBBBBBBBBBBBBBBBBBBBBBBBBBBBBBBBBBBBBBBBBBBBBBBBBBBBBBBBBBBBBBBBBBBBBBBBBBBBBBBBBBBBBBBBBBBBBBBBBBBBBBBBBBBBBBBBBB
2020-07-08T12:05:08.906000,open step,,,Contact process monitor
2020-07-08T12:05:08.906000,check,,,procmon.post_send()
2020-07-08T12:05:09.312000,fail,,,"procmon detected crash on test case #3: [INVALID]:42424242 Unable to disassemble at 42424242 from thread 3192 caused access violation
when attempting to read from 0x42424242

CONTEXT DUMP
  EIP: 42424242 Unable to disassemble at 42424242
  EAX: 018af990 (  25885072) -> KSTET /.../BBBBBBBBBBBBBBBBBBBBBBBBBBBBBBBBBBBBBBBBBBBBBBBBBBBBBBBBBBBBBBBBBBBBBBBBBBBBBBBBBBBBBBBBB (stack)
  EBX: 00000058 (        88) -> N/A
  ECX: 00334930 (   3361072) -> x! (heap)
  EDX: 00000000 (         0) -> N/A
  EDI: 00000000 (         0) -> N/A
  ESI: 00000000 (         0) -> N/A
  EBP: 42424242 (1111638594) -> N/A
  ESP: 018af9e0 (  25885152) -> BBBBBBBBBBBBBBBBBBBB (stack)
  +00: 42424242 (1111638594) -> N/A
  +04: 42424242 (1111638594) -> N/A
  +08: 42424242 (1111638594) -> N/A
  +0c: 42424242 (1111638594) -> N/A
  +10: 42424242 (1111638594) -> N/A
  +14: 00000000 (         0) -> N/A

disasm around:
	0x42424242 Unable to disassemble

SEH unwind:
	ffffffff -> ntdll.dll:7709e335 mov edi,edi

"
2020-07-08T12:05:09.312000,info,,,Closing target connection...
2020-07-08T12:05:09.312000,info,,,Connection closed.
2020-07-08T12:05:09.312000,open step,,,Sleep between tests.
2020-07-08T12:05:09.312000,info,,,sleeping for 1.000000 seconds
2020-07-08T12:05:10.312000,open step,,,Failure summary
2020-07-08T12:05:10.312000,info,,,"procmon detected crash on test case #3: [INVALID]:42424242 Unable to disassemble at 42424242 from thread 3192 caused access violation
when attempting to read from 0x42424242

CONTEXT DUMP
  EIP: 42424242 Unable to disassemble at 42424242
  EAX: 018af990 (  25885072) -> KSTET /.../BBBBBBBBBBBBBBBBBBBBBBBBBBBBBBBBBBBBBBBBBBBBBBBBBBBBBBBBBBBBBBBBBBBBBBBBBBBBBBBBBBBBBBBBB (stack)
  EBX: 00000058 (        88) -> N/A
  ECX: 00334930 (   3361072) -> x! (heap)
  EDX: 00000000 (         0) -> N/A
  EDI: 00000000 (         0) -> N/A
  ESI: 00000000 (         0) -> N/A
  EBP: 42424242 (1111638594) -> N/A
  ESP: 018af9e0 (  25885152) -> BBBBBBBBBBBBBBBBBBBB (stack)
  +00: 42424242 (1111638594) -> N/A
  +04: 42424242 (1111638594) -> N/A
  +08: 42424242 (1111638594) -> N/A
  +0c: 42424242 (1111638594) -> N/A
  +10: 42424242 (1111638594) -> N/A
  +14: 00000000 (         0) -> N/A

disasm around:
	0x42424242 Unable to disassemble

SEH unwind:
	ffffffff -> ntdll.dll:7709e335 mov edi,edi

"
2020-07-08T12:05:10.312000,open step,,,Restarting target
2020-07-08T12:05:10.312000,info,,,Restarting target process
2020-07-08T12:05:18.609000,info,,,Giving the process 3 seconds to settle in
2020-07-08T12:05:22.015000,open test case,,,Test case 4: kstet.no-name.4
2020-07-08T12:05:22.015000,info,,,Type: String. Default value: 'test'. Case 4 of 1441 overall.
2020-07-08T12:05:22.015000,open step,,,Calling procmon pre_send()
2020-07-08T12:05:22.218000,info,,,Opening target connection (172.16.0.24:9999)...
2020-07-08T12:05:22.218000,info,,,Connection opened.
2020-07-08T12:05:22.218000,open step,,,Fuzzing Node 'kstet'
2020-07-08T12:05:22.218000,info,,,Sending 49 bytes...
2020-07-08T12:05:22.218000,send,49,4b 53 54 45 54 20 2f 2e 2e 2e 2f 2e 2e 2e 2f 2e 2e 2e 2f 2e 2e 2e 2f 2e 2e 2e 2f 2e 2e 2e 2f 2e 2e 2e 2f 2e 2e 2e 2f 2e 2e 2e 2f 2e 2e 2e 2f 0d 0a,"KSTET /.../.../.../.../.../.../.../.../.../.../
"
2020-07-08T12:05:22.218000,open step,,,Contact process monitor
2020-07-08T12:05:22.218000,check,,,procmon.post_send()
2020-07-08T12:05:22.421000,pass,,,No crash detected.
2020-07-08T12:05:22.421000,open step,,,Contact process monitor
2020-07-08T12:05:22.421000,check,,,procmon.post_send()
2020-07-08T12:05:22.640000,pass,,,No crash detected.
2020-07-08T12:05:22.640000,info,,,Closing target connection...
2020-07-08T12:05:22.640000,info,,,Connection closed.
2020-07-08T12:05:22.640000,open step,,,Sleep between tests.
2020-07-08T12:05:22.640000,info,,,sleeping for 1.000000 seconds
2020-07-08T12:05:23.640000,open test case,,,Test case 5: kstet.no-name.5
2020-07-08T12:05:23.640000,info,,,Type: String. Default value: 'test'. Case 5 of 1441 overall.
2020-07-08T12:05:23.640000,open step,,,Calling procmon pre_send()
2020-07-08T12:05:23.843000,info,,,Opening target connection (172.16.0.24:9999)...
2020-07-08T12:05:23.843000,info,,,Connection opened.
2020-07-08T12:05:23.843000,open step,,,Fuzzing Node 'kstet'
2020-07-08T12:05:23.843000,info,,,Sending 55 bytes...
2020-07-08T12:05:23.843000,send,55,4b 53 54 45 54 20 2f 2e 2e 2f 2e 2e 2f 2e 2e 2f 2e 2e 2f 2e 2e 2f 2e 2e 2f 2e 2e 2f 2e 2e 2f 2e 2e 2f 2e 2e 2f 2e 2e 2f 2e 2e 2f 65 74 63 2f 70 61 73 73 77 64 0d 0a,"KSTET /../../../../../../../../../../../../etc/passwd
"
2020-07-08T12:05:23.843000,open step,,,Contact process monitor
2020-07-08T12:05:23.843000,check,,,procmon.post_send()
2020-07-08T12:05:24.062000,pass,,,No crash detected.
2020-07-08T12:05:24.062000,open step,,,Contact process monitor
2020-07-08T12:05:24.062000,check,,,procmon.post_send()
2020-07-08T12:05:24.265000,pass,,,No crash detected.
2020-07-08T12:05:24.265000,info,,,Closing target connection...
2020-07-08T12:05:24.265000,info,,,Connection closed.
2020-07-08T12:05:24.265000,open step,,,Sleep between tests.
2020-07-08T12:05:24.265000,info,,,sleeping for 1.000000 seconds
2020-07-08T12:05:25.328000,open test case,,,Test case 6: kstet.no-name.6
2020-07-08T12:05:25.328000,info,,,Type: String. Default value: 'test'. Case 6 of 1441 overall.
2020-07-08T12:05:25.328000,open step,,,Calling procmon pre_send()
2020-07-08T12:05:25.531000,info,,,Opening target connection (172.16.0.24:9999)...
2020-07-08T12:05:25.531000,info,,,Connection opened.
2020-07-08T12:05:25.546000,open step,,,Fuzzing Node 'kstet'
2020-07-08T12:05:25.546000,info,,,Sending 53 bytes...
2020-07-08T12:05:25.546000,send,53,4b 53 54 45 54 20 2f 2e 2e 2f 2e 2e 2f 2e 2e 2f 2e 2e 2f 2e 2e 2f 2e 2e 2f 2e 2e 2f 2e 2e 2f 2e 2e 2f 2e 2e 2f 2e 2e 2f 2e 2e 2f 62 6f 6f 74 2e 69 6e 69 0d 0a,"KSTET /../../../../../../../../../../../../boot.ini
"
2020-07-08T12:05:25.546000,open step,,,Contact process monitor
2020-07-08T12:05:25.546000,check,,,procmon.post_send()
2020-07-08T12:05:25.750000,pass,,,No crash detected.
2020-07-08T12:05:25.765000,open step,,,Contact process monitor
2020-07-08T12:05:25.765000,check,,,procmon.post_send()
2020-07-08T12:05:25.953000,pass,,,No crash detected.
2020-07-08T12:05:25.953000,info,,,Closing target connection...
2020-07-08T12:05:25.953000,info,,,Connection closed.
2020-07-08T12:05:25.968000,open step,,,Sleep between tests.
2020-07-08T12:05:25.968000,info,,,sleeping for 1.000000 seconds
2020-07-08T12:05:26.968000,open test case,,,Test case 7: kstet.no-name.7
2020-07-08T12:05:26.968000,info,,,Type: String. Default value: 'test'. Case 7 of 1441 overall.
2020-07-08T12:05:26.968000,open step,,,Calling procmon pre_send()
2020-07-08T12:05:27.171000,info,,,Opening target connection (172.16.0.24:9999)...
2020-07-08T12:05:27.171000,info,,,Connection opened.
2020-07-08T12:05:27.171000,open step,,,Fuzzing Node 'kstet'
2020-07-08T12:05:27.171000,info,,,Sending 47 bytes...
2020-07-08T12:05:27.171000,send,47,4b 53 54 45 54 20 2e 2e 3a 2e 2e 3a 2e 2e 3a 2e 2e 3a 2e 2e 3a 2e 2e 3a 2e 2e 3a 2e 2e 3a 2e 2e 3a 2e 2e 3a 2e 2e 3a 2e 2e 3a 2e 2e 3a 0d 0a,"KSTET ..:..:..:..:..:..:..:..:..:..:..:..:..:
"
2020-07-08T12:05:27.187000,open step,,,Contact process monitor
2020-07-08T12:05:27.187000,check,,,procmon.post_send()
2020-07-08T12:05:27.390000,pass,,,No crash detected.
2020-07-08T12:05:27.390000,open step,,,Contact process monitor
2020-07-08T12:05:27.390000,check,,,procmon.post_send()
2020-07-08T12:05:27.593000,pass,,,No crash detected.
2020-07-08T12:05:27.593000,info,,,Closing target connection...
2020-07-08T12:05:27.593000,info,,,Connection closed.
2020-07-08T12:05:27.593000,open step,,,Sleep between tests.
2020-07-08T12:05:27.593000,info,,,sleeping for 1.000000 seconds
2020-07-08T12:05:28.609000,open test case,,,Test case 8: kstet.no-name.8
2020-07-08T12:05:28.609000,info,,,Type: String. Default value: 'test'. Case 8 of 1441 overall.
2020-07-08T12:05:28.609000,open step,,,Calling procmon pre_send()
2020-07-08T12:05:28.812000,info,,,Opening target connection (172.16.0.24:9999)...
2020-07-08T12:05:28.812000,info,,,Connection opened.
2020-07-08T12:05:28.812000,open step,,,Fuzzing Node 'kstet'
2020-07-08T12:05:28.812000,info,,,Sending 11 bytes...
2020-07-08T12:05:28.812000,send,11,4b 53 54 45 54 20 5c 5c 2a 0d 0a,"KSTET \\*
"
2020-07-08T12:05:28.812000,open step,,,Contact process monitor
2020-07-08T12:05:28.812000,check,,,procmon.post_send()
2020-07-08T12:05:29.015000,pass,,,No crash detected.
2020-07-08T12:05:29.015000,open step,,,Contact process monitor
2020-07-08T12:05:29.015000,check,,,procmon.post_send()
2020-07-08T12:05:29.218000,pass,,,No crash detected.
2020-07-08T12:05:29.218000,info,,,Closing target connection...
2020-07-08T12:05:29.218000,info,,,Connection closed.
2020-07-08T12:05:29.218000,open step,,,Sleep between tests.
2020-07-08T12:05:29.218000,info,,,sleeping for 1.000000 seconds
2020-07-08T12:05:30.296000,open test case,,,Test case 9: kstet.no-name.9
2020-07-08T12:05:30.296000,info,,,Type: String. Default value: 'test'. Case 9 of 1441 overall.
2020-07-08T12:05:30.296000,open step,,,Calling procmon pre_send()
2020-07-08T12:05:30.500000,info,,,Opening target connection (172.16.0.24:9999)...
2020-07-08T12:05:30.500000,info,,,Connection opened.
2020-07-08T12:05:30.500000,open step,,,Fuzzing Node 'kstet'
2020-07-08T12:05:30.500000,info,,,Sending 12 bytes...
2020-07-08T12:05:30.500000,send,12,4b 53 54 45 54 20 5c 5c 3f 5c 0d 0a,"KSTET \\?\
"
2020-07-08T12:05:30.500000,open step,,,Contact process monitor
2020-07-08T12:05:30.500000,check,,,procmon.post_send()
2020-07-08T12:05:30.718000,pass,,,No crash detected.
2020-07-08T12:05:30.718000,open step,,,Contact process monitor
2020-07-08T12:05:30.718000,check,,,procmon.post_send()
2020-07-08T12:05:30.937000,pass,,,No crash detected.
2020-07-08T12:05:30.937000,info,,,Closing target connection...
2020-07-08T12:05:30.937000,info,,,Connection closed.
2020-07-08T12:05:30.937000,open step,,,Sleep between tests.
2020-07-08T12:05:30.937000,info,,,sleeping for 1.000000 seconds
2020-07-08T12:05:31.953000,open test case,,,Test case 10: kstet.no-name.10
2020-07-08T12:05:31.953000,info,,,Type: String. Default value: 'test'. Case 10 of 1441 overall.
2020-07-08T12:05:31.953000,open step,,,Calling procmon pre_send()
2020-07-08T12:05:32.171000,info,,,Opening target connection (172.16.0.24:9999)...
2020-07-08T12:05:32.171000,info,,,Connection opened.
2020-07-08T12:05:32.171000,open step,,,Fuzzing Node 'kstet'
2020-07-08T12:05:32.171000,info,,,Sending 10008 bytes...
2020-07-08T12:05:32.218000,send,10008,4b 53 54 45 54 20 2f 5c 2f 5c 2f 5c 2f 5c 2f 5c 2f 5c 2f 5c 2f 5c 2f 5c 2f 5c 2f 5c 2f 5c 2f 5c 2f 5c 2f 5c 2f 5c 2f 5c 2f 5c 2f 5c 2f 5c 2f 5c 2f 5c 2f 5c 2f 5c 2f 5c 2f 5c 2f 5c 2f 5c 2f 5c 2f 5c 2f 5c 2f 5c 2f 5c 2f 5c 2f 5c 2f 5c 2f 5c 2f 5c 2f 5c 2f 5c 2f 5c 2f 5c 2f 5c 2f 5c 2f 5c 2f 5c 2f 5c 2f 5c 2f 5c 2f 5c 2f 5c 2f 5c 2f 5c 2f 5c 2f 5c 2f 5c 2f 5c 2f 5c 2f 5c 2f 5c 2f 5c 2f 5c 2f 5c 2f 5c 2f 5c 2f 5c 2f 5c 2f 5c 2f 5c 2f 5c 2f 5c 2f 5c 2f 5c 2f 5c 2f 5c 2f 5c 2f 5c 2f 5c 2f 5c 2f 5c 2f 5c 2f 5c 2f 5c 2f 5c 2f 5c 2f 5c 2f 5c 2f 5c 2f 5c 2f 5c 2f 5c 2f 5c 2f 5c 2f 5c 2f 5c 2f 5c 2f 5c 2f 5c 2f 5c 2f 5c 2f 5c 2f 5c 2f 5c 2f 5c 2f 5c 2f 5c 2f 5c 2f 5c 2f 5c 2f 5c 2f 5c 2f 5c 2f 5c 2f 5c 2f 5c 2f 5c 2f 5c 2f 5c 2f 5c 2f 5c 2f 5c 2f 5c 2f 5c 2f 5c 2f 5c 2f 5c 2f 5c 2f 5c 2f 5c 2f 5c 2f 5c 2f 5c 2f 5c 2f 5c 2f 5c 2f 5c 2f 5c 2f 5c 2f 5c 2f 5c 2f 5c 2f 5c 2f 5c 2f 5c 2f 5c 2f 5c 2f 5c 2f 5c 2f 5c 2f 5c 2f 5c 2f 5c 2f 5c 2f 5c 2f 5c 2f 5c 2f 5c 2f 5c 2f 5c 2f 5c 2f 5c 2f 5c 2f 5c 2f 5c 2f 5c 2f 5c 2f 5c 2f 5c 2f 5c 2f 5c 2f 5c 2f 5c 2f 5c 2f 5c 2f 5c 2f 5c 2f 5c 2f 5c 2f 5c 2f 5c 2f 5c 2f 5c 2f 5c 2f 5c 2f 5c 2f 5c 2f 5c 2f 5c 2f 5c 2f 5c 2f 5c 2f 5c 2f 5c 2f 5c 2f 5c 2f 5c 2f 5c 2f 5c 2f 5c 2f 5c 2f 5c 2f 5c 2f 5c 2f 5c 2f 5c 2f 5c 2f 5c 2f 5c 2f 5c 2f 5c 2f 5c 2f 5c 2f 5c 2f 5c 2f 5c 2f 5c 2f 5c 2f 5c 2f 5c 2f 5c 2f 5c 2f 5c 2f 5c 2f 5c 2f 5c 2f 5c 2f 5c 2f 5c 2f 5c 2f 5c 2f 5c 2f 5c 2f 5c 2f 5c 2f 5c 2f 5c 2f 5c 2f 5c 2f 5c 2f 5c 2f 5c 2f 5c 2f 5c 2f 5c 2f 5c 2f 5c 2f 5c 2f 5c 2f 5c 2f 5c 2f 5c 2f 5c 2f 5c 2f 5c 2f 5c 2f 5c 2f 5c 2f 5c 2f 5c 2f 5c 2f 5c 2f 5c 2f 5c 2f 5c 2f 5c 2f 5c 2f 5c 2f 5c 2f 5c 2f 5c 2f 5c 2f 5c 2f 5c 2f 5c 2f 5c 2f 5c 2f 5c 2f 5c 2f 5c 2f 5c 2f 5c 2f 5c 2f 5c 2f 5c 2f 5c 2f 5c 2f 5c 2f 5c 2f 5c 2f 5c 2f 5c 2f 5c 2f 5c 2f 5c 2f 5c 2f 5c 2f 5c 2f 5c 2f 5c 2f 5c 2f 5c 2f 5c 2f 5c 2f 5c 2f 5c 2f 5c 2f 5c 2f 5c 2f 5c 2f 5c 2f 5c 2f 5c 2f 5c 2f 5c 2f 5c 2f 5c 2f 5c 2f 5c 2f 5c 2f 5c 2f 5c 2f 5c 2f 5c 2f 5c 2f 5c 2f 5c 2f 5c 2f 5c 2f 5c 2f 5c 2f 5c 2f 5c 2f 5c 2f 5c 2f 5c 2f 5c 2f 5c 2f 5c 2f 5c 2f 5c 2f 5c 2f 5c 2f 5c 2f 5c 2f 5c 2f 5c 2f 5c 2f 5c 2f 5c 2f 5c 2f 5c 2f 5c 2f 5c 2f 5c 2f 5c 2f 5c 2f 5c 2f 5c 2f 5c 2f 5c 2f 5c 2f 5c 2f 5c 2f 5c 2f 5c 2f 5c 2f 5c 2f 5c 2f 5c 2f 5c 2f 5c 2f 5c 2f 5c 2f 5c 2f 5c 2f 5c 2f 5c 2f 5c 2f 5c 2f 5c 2f 5c 2f 5c 2f 5c 2f 5c 2f 5c 2f 5c 2f 5c 2f 5c 2f 5c 2f 5c 2f 5c 2f 5c 2f 5c 2f 5c 2f 5c 2f 5c 2f 5c 2f 5c 2f 5c 2f 5c 2f 5c 2f 5c 2f 5c 2f 5c 2f 5c 2f 5c 2f 5c 2f 5c 2f 5c 2f 5c 2f 5c 2f 5c 2f 5c 2f 5c 2f 5c 2f 5c 2f 5c 2f 5c 2f 5c 2f 5c 2f 5c 2f 5c 2f 5c 2f 5c 2f 5c 2f 5c 2f 5c 2f 5c 2f 5c 2f 5c 2f 5c 2f 5c 2f 5c 2f 5c 2f 5c 2f 5c 2f 5c 2f 5c 2f 5c 2f 5c 2f 5c 2f 5c 2f 5c 2f 5c 2f 5c 2f 5c 2f 5c 2f 5c 2f 5c 2f 5c 2f 5c 2f 5c 2f 5c 2f 5c 2f 5c 2f 5c 2f 5c 2f 5c 2f 5c 2f 5c 2f 5c 2f 5c 2f 5c 2f 5c 2f 5c 2f 5c 2f 5c 2f 5c 2f 5c 2f 5c 2f 5c 2f 5c 2f 5c 2f 5c 2f 5c 2f 5c 2f 5c 2f 5c 2f 5c 2f 5c 2f 5c 2f 5c 2f 5c 2f 5c 2f 5c 2f 5c 2f 5c 2f 5c 2f 5c 2f 5c 2f 5c 2f 5c 2f 5c 2f 5c 2f 5c 2f 5c 2f 5c 2f 5c 2f 5c 2f 5c 2f 5c 2f 5c 2f 5c 2f 5c 2f 5c 2f 5c 2f 5c 2f 5c 2f 5c 2f 5c 2f 5c 2f 5c 2f 5c 2f 5c 2f 5c 2f 5c 2f 5c 2f 5c 2f 5c 2f 5c 2f 5c 2f 5c 2f 5c 2f 5c 2f 5c 2f 5c 2f 5c 2f 5c 2f 5c 2f 5c 2f 5c 2f 5c 2f 5c 2f 5c 2f 5c 2f 5c 2f 5c 2f 5c 2f 5c 2f 5c 2f 5c 2f 5c 2f 5c 2f 5c 2f 5c 2f 5c 2f 5c 2f 5c 2f 5c 2f 5c 2f 5c 2f 5c 2f 5c 2f 5c 2f 5c 2f 5c 2f 5c 2f 5c 2f 5c 2f 5c 2f 5c 2f 5c 2f 5c 2f 5c 2f 5c 2f 5c 2f 5c 2f 5c 2f 5c 2f 5c 2f 5c 2f 5c 2f 5c 2f 5c 2f 5c 2f 5c 2f 5c 2f 5c 2f 5c 2f 5c 2f 5c 2f 5c 2f 5c 2f 5c 2f 5c 2f 5c 2f 5c 2f 5c 2f 5c 2f 5c 2f 5c 2f 5c 2f 5c 2f 5c 2f 5c 2f 5c 2f 5c 2f 5c 2f 5c 2f 5c 2f 5c 2f 5c 2f 5c 2f 5c 2f 5c 2f 5c 2f 5c 2f 5c 2f 5c 2f 5c 2f 5c 2f 5c 2f 5c 2f 5c 2f 5c 2f 5c 2f 5c 2f 5c 2f 5c 2f 5c 2f 5c 2f 5c 2f 5c 2f 5c 2f 5c 2f 5c 2f 5c 2f 5c 2f 5c 2f 5c 2f 5c 2f 5c 2f 5c 2f 5c 2f 5c 2f 5c 2f 5c 2f 5c 2f 5c 2f 5c 2f 5c 2f 5c 2f 5c 2f 5c 2f 5c 2f 5c 2f 5c 2f 5c 2f 5c 2f 5c 2f 5c 2f 5c 2f 5c 2f 5c 2f 5c 2f 5c 2f 5c 2f 5c 2f 5c 2f 5c 2f 5c 2f 5c 2f 5c 2f 5c 2f 5c 2f 5c 2f 5c 2f 5c 2f 5c 2f 5c 2f 5c 2f 5c 2f 5c 2f 5c 2f 5c 2f 5c 2f 5c 2f 5c 2f 5c 2f 5c 2f 5c 2f 5c 2f 5c 2f 5c 2f 5c 2f 5c 2f 5c 2f 5c 2f 5c 2f 5c 2f 5c 2f 5c 2f 5c 2f 5c 2f 5c 2f 5c 2f 5c 2f 5c 2f 5c 2f 5c 2f 5c 2f 5c 2f 5c 2f 5c 2f 5c 2f 5c 2f 5c 2f 5c 2f 5c 2f 5c 2f 5c 2f 5c 2f 5c 2f 5c 2f 5c 2f 5c 2f 5c 2f 5c 2f 5c 2f 5c 2f 5c 2f 5c 2f 5c 2f 5c 2f 5c 2f 5c 2f 5c 2f 5c 2f 5c 2f 5c 2f 5c 2f 5c 2f 5c 2f 5c 2f 5c 2f 5c 2f 5c 2f 5c 2f 5c 2f 5c 2f 5c 2f 5c 2f 5c 2f 5c 2f 5c 2f 5c 2f 5c 2f 5c 2f 5c 2f 5c 2f 5c 2f 5c 2f 5c 2f 5c 2f 5c 2f 5c 2f 5c 2f 5c 2f 5c 2f 5c 2f 5c 2f 5c 2f 5c 2f 5c 2f 5c 2f 5c 2f 5c 2f 5c 2f 5c 2f 5c 2f 5c 2f 5c 2f 5c 2f 5c 2f 5c 2f 5c 2f 5c 2f 5c 2f 5c 2f 5c 2f 5c 2f 5c 2f 5c 2f 5c 2f 5c 2f 5c 2f 5c 2f 5c 2f 5c 2f 5c 2f 5c 2f 5c 2f 5c 2f 5c 2f 5c 2f 5c 2f 5c 2f 5c 2f 5c 2f 5c 2f 5c 2f 5c 2f 5c 2f 5c 2f 5c 2f 5c 2f 5c 2f 5c 2f 5c 2f 5c 2f 5c 2f 5c 2f 5c 2f 5c 2f 5c 2f 5c 2f 5c 2f 5c 2f 5c 2f 5c 2f 5c 2f 5c 2f 5c 2f 5c 2f 5c 2f 5c 2f 5c 2f 5c 2f 5c 2f 5c 2f 5c 2f 5c 2f 5c 2f 5c 2f 5c 2f 5c 2f 5c 2f 5c 2f 5c 2f 5c 2f 5c 2f 5c 2f 5c 2f 5c 2f 5c 2f 5c 2f 5c 2f 5c 2f 5c 2f 5c 2f 5c 2f 5c 2f 5c 2f 5c 2f 5c 2f 5c 2f 5c 2f 5c 2f 5c 2f 5c 2f 5c 2f 5c 2f 5c 2f 5c 2f 5c 2f 5c 2f 5c 2f 5c 2f 5c 2f 5c 2f 5c 2f 5c 2f 5c 2f 5c 2f 5c 2f 5c 2f 5c 2f 5c 2f 5c 2f 5c 2f 5c 2f 5c 2f 5c 2f 5c 2f 5c 2f 5c 2f 5c 2f 5c 2f 5c 2f 5c 2f 5c 2f 5c 2f 5c 2f 5c 2f 5c 2f 5c 2f 5c 2f 5c 2f 5c 2f 5c 2f 5c 2f 5c 2f 5c 2f 5c 2f 5c 2f 5c 2f 5c 2f 5c 2f 5c 2f 5c 2f 5c 2f 5c 2f 5c 2f 5c 2f 5c 2f 5c 2f 5c 2f 5c 2f 5c 2f 5c 2f 5c 2f 5c 2f 5c 2f 5c 2f 5c 2f 5c 2f 5c 2f 5c 2f 5c 2f 5c 2f 5c 2f 5c 2f 5c 2f 5c 2f 5c 2f 5c 2f 5c 2f 5c 2f 5c 2f 5c 2f 5c 2f 5c 2f 5c 2f 5c 2f 5c 2f 5c 2f 5c 2f 5c 2f 5c 2f 5c 2f 5c 2f 5c 2f 5c 2f 5c 2f 5c 2f 5c 2f 5c 2f 5c 2f 5c 2f 5c 2f 5c 2f 5c 2f 5c 2f 5c 2f 5c 2f 5c 2f 5c 2f 5c 2f 5c 2f 5c 2f 5c 2f 5c 2f 5c 2f 5c 2f 5c 2f 5c 2f 5c 2f 5c 2f 5c 2f 5c 2f 5c 2f 5c 2f 5c 2f 5c 2f 5c 2f 5c 2f 5c 2f 5c 2f 5c 2f 5c 2f 5c 2f 5c 2f 5c 2f 5c 2f 5c 2f 5c 2f 5c 2f 5c 2f 5c 2f 5c 2f 5c 2f 5c 2f 5c 2f 5c 2f 5c 2f 5c 2f 5c 2f 5c 2f 5c 2f 5c 2f 5c 2f 5c 2f 5c 2f 5c 2f 5c 2f 5c 2f 5c 2f 5c 2f 5c 2f 5c 2f 5c 2f 5c 2f 5c 2f 5c 2f 5c 2f 5c 2f 5c 2f 5c 2f 5c 2f 5c 2f 5c 2f 5c 2f 5c 2f 5c 2f 5c 2f 5c 2f 5c 2f 5c 2f 5c 2f 5c 2f 5c 2f 5c 2f 5c 2f 5c 2f 5c 2f 5c 2f 5c 2f 5c 2f 5c 2f 5c 2f 5c 2f 5c 2f 5c 2f 5c 2f 5c 2f 5c 2f 5c 2f 5c 2f 5c 2f 5c 2f 5c 2f 5c 2f 5c 2f 5c 2f 5c 2f 5c 2f 5c 2f 5c 2f 5c 2f 5c 2f 5c 2f 5c 2f 5c 2f 5c 2f 5c 2f 5c 2f 5c 2f 5c 2f 5c 2f 5c 2f 5c 2f 5c 2f 5c 2f 5c 2f 5c 2f 5c 2f 5c 2f 5c 2f 5c 2f 5c 2f 5c 2f 5c 2f 5c 2f 5c 2f 5c 2f 5c 2f 5c 2f 5c 2f 5c 2f 5c 2f 5c 2f 5c 2f 5c 2f 5c 2f 5c 2f 5c 2f 5c 2f 5c 2f 5c 2f 5c 2f 5c 2f 5c 2f 5c 2f 5c 2f 5c 2f 5c 2f 5c 2f 5c 2f 5c 2f 5c 2f 5c 2f 5c 2f 5c 2f 5c 2f 5c 2f 5c 2f 5c 2f 5c 2f 5c 2f 5c 2f 5c 2f 5c 2f 5c 2f 5c 2f 5c 2f 5c 2f 5c 2f 5c 2f 5c 2f 5c 2f 5c 2f 5c 2f 5c 2f 5c 2f 5c 2f 5c 2f 5c 2f 5c 2f 5c 2f 5c 2f 5c 2f 5c 2f 5c 2f 5c 2f 5c 2f 5c 2f 5c 2f 5c 2f 5c 2f 5c 2f 5c 2f 5c 2f 5c 2f 5c 2f 5c 2f 5c 2f 5c 2f 5c 2f 5c 2f 5c 2f 5c 2f 5c 2f 5c 2f 5c 2f 5c 2f 5c 2f 5c 2f 5c 2f 5c 2f 5c 2f 5c 2f 5c 2f 5c 2f 5c 2f 5c 2f 5c 2f 5c 2f 5c 2f 5c 2f 5c 2f 5c 2f 5c 2f 5c 2f 5c 2f 5c 2f 5c 2f 5c 2f 5c 2f 5c 2f 5c 2f 5c 2f 5c 2f 5c 2f 5c 2f 5c 2f 5c 2f 5c 2f 5c 2f 5c 2f 5c 2f 5c 2f 5c 2f 5c 2f 5c 2f 5c 2f 5c 2f 5c 2f 5c 2f 5c 2f 5c 2f 5c 2f 5c 2f 5c 2f 5c 2f 5c 2f 5c 2f 5c 2f 5c 2f 5c 2f 5c 2f 5c 2f 5c 2f 5c 2f 5c 2f 5c 2f 5c 2f 5c 2f 5c 2f 5c 2f 5c 2f 5c 2f 5c 2f 5c 2f 5c 2f 5c 2f 5c 2f 5c 2f 5c 2f 5c 2f 5c 2f 5c 2f 5c 2f 5c 2f 5c 2f 5c 2f 5c 2f 5c 2f 5c 2f 5c 2f 5c 2f 5c 2f 5c 2f 5c 2f 5c 2f 5c 2f 5c 2f 5c 2f 5c 2f 5c 2f 5c 2f 5c 2f 5c 2f 5c 2f 5c 2f 5c 2f 5c 2f 5c 2f 5c 2f 5c 2f 5c 2f 5c 2f 5c 2f 5c 2f 5c 2f 5c 2f 5c 2f 5c 2f 5c 2f 5c 2f 5c 2f 5c 2f 5c 2f 5c 2f 5c 2f 5c 2f 5c 2f 5c 2f 5c 2f 5c 2f 5c 2f 5c 2f 5c 2f 5c 2f 5c 2f 5c 2f 5c 2f 5c 2f 5c 2f 5c 2f 5c 2f 5c 2f 5c 2f 5c 2f 5c 2f 5c 2f 5c 2f 5c 2f 5c 2f 5c 2f 5c 2f 5c 2f 5c 2f 5c 2f 5c 2f 5c 2f 5c 2f 5c 2f 5c 2f 5c 2f 5c 2f 5c 2f 5c 2f 5c 2f 5c 2f 5c 2f 5c 2f 5c 2f 5c 2f 5c 2f 5c 2f 5c 2f 5c 2f 5c 2f 5c 2f 5c 2f 5c 2f 5c 2f 5c 2f 5c 2f 5c 2f 5c 2f 5c 2f 5c 2f 5c 2f 5c 2f 5c 2f 5c 2f 5c 2f 5c 2f 5c 2f 5c 2f 5c 2f 5c 2f 5c 2f 5c 2f 5c 2f 5c 2f 5c 2f 5c 2f 5c 2f 5c 2f 5c 2f 5c 2f 5c 2f 5c 2f 5c 2f 5c 2f 5c 2f 5c 2f 5c 2f 5c 2f 5c 2f 5c 2f 5c 2f 5c 2f 5c 2f 5c 2f 5c 2f 5c 2f 5c 2f 5c 2f 5c 2f 5c 2f 5c 2f 5c 2f 5c 2f 5c 2f 5c 2f 5c 2f 5c 2f 5c 2f 5c 2f 5c 2f 5c 2f 5c 2f 5c 2f 5c 2f 5c 2f 5c 2f 5c 2f 5c 2f 5c 2f 5c 2f 5c 2f 5c 2f 5c 2f 5c 2f 5c 2f 5c 2f 5c 2f 5c 2f 5c 2f 5c 2f 5c 2f 5c 2f 5c 2f 5c 2f 5c 2f 5c 2f 5c 2f 5c 2f 5c 2f 5c 2f 5c 2f 5c 2f 5c 2f 5c 2f 5c 2f 5c 2f 5c 2f 5c 2f 5c 2f 5c 2f 5c 2f 5c 2f 5c 2f 5c 2f 5c 2f 5c 2f 5c 2f 5c 2f 5c 2f 5c 2f 5c 2f 5c 2f 5c 2f 5c 2f 5c 2f 5c 2f 5c 2f 5c 2f 5c 2f 5c 2f 5c 2f 5c 2f 5c 2f 5c 2f 5c 2f 5c 2f 5c 2f 5c 2f 5c 2f 5c 2f 5c 2f 5c 2f 5c 2f 5c 2f 5c 2f 5c 2f 5c 2f 5c 2f 5c 2f 5c 2f 5c 2f 5c 2f 5c 2f 5c 2f 5c 2f 5c 2f 5c 2f 5c 2f 5c 2f 5c 2f 5c 2f 5c 2f 5c 2f 5c 2f 5c 2f 5c 2f 5c 2f 5c 2f 5c 2f 5c 2f 5c 2f 5c 2f 5c 2f 5c 2f 5c 2f 5c 2f 5c 2f 5c 2f 5c 2f 5c 2f 5c 2f 5c 2f 5c 2f 5c 2f 5c 2f 5c 2f 5c 2f 5c 2f 5c 2f 5c 2f 5c 2f 5c 2f 5c 2f 5c 2f 5c 2f 5c 2f 5c 2f 5c 2f 5c 2f 5c 2f 5c 2f 5c 2f 5c 2f 5c 2f 5c 2f 5c 2f 5c 2f 5c 2f 5c 2f 5c 2f 5c 2f 5c 2f 5c 2f 5c 2f 5c 2f 5c 2f 5c 2f 5c 2f 5c 2f 5c 2f 5c 2f 5c 2f 5c 2f 5c 2f 5c 2f 5c 2f 5c 2f 5c 2f 5c 2f 5c 2f 5c 2f 5c 2f 5c 2f 5c 2f 5c 2f 5c 2f 5c 2f 5c 2f 5c 2f 5c 2f 5c 2f 5c 2f 5c 2f 5c 2f 5c 2f 5c 2f 5c 2f 5c 2f 5c 2f 5c 2f 5c 2f 5c 2f 5c 2f 5c 2f 5c 2f 5c 2f 5c 2f 5c 2f 5c 2f 5c 2f 5c 2f 5c 2f 5c 2f 5c 2f 5c 2f 5c 2f 5c 2f 5c 2f 5c 2f 5c 2f 5c 2f 5c 2f 5c 2f 5c 2f 5c 2f 5c 2f 5c 2f 5c 2f 5c 2f 5c 2f 5c 2f 5c 2f 5c 2f 5c 2f 5c 2f 5c 2f 5c 2f 5c 2f 5c 2f 5c 2f 5c 2f 5c 2f 5c 2f 5c 2f 5c 2f 5c 2f 5c 2f 5c 2f 5c 2f 5c 2f 5c 2f 5c 2f 5c 2f 5c 2f 5c 2f 5c 2f 5c 2f 5c 2f 5c 2f 5c 2f 5c 2f 5c 2f 5c 2f 5c 2f 5c 2f 5c 2f 5c 2f 5c 2f 5c 2f 5c 2f 5c 2f 5c 2f 5c 2f 5c 2f 5c 2f 5c 2f 5c 2f 5c 2f 5c 2f 5c 2f 5c 2f 5c 2f 5c 2f 5c 2f 5c 2f 5c 2f 5c 2f 5c 2f 5c 2f 5c 2f 5c 2f 5c 2f 5c 2f 5c 2f 5c 2f 5c 2f 5c 2f 5c 2f 5c 2f 5c 2f 5c 2f 5c 2f 5c 2f 5c 2f 5c 2f 5c 2f 5c 2f 5c 2f 5c 2f 5c 2f 5c 2f 5c 2f 5c 2f 5c 2f 5c 2f 5c 2f 5c 2f 5c 2f 5c 2f 5c 2f 5c 2f 5c 2f 5c 2f 5c 2f 5c 2f 5c 2f 5c 2f 5c 2f 5c 2f 5c 2f 5c 2f 5c 2f 5c 2f 5c 2f 5c 2f 5c 2f 5c 2f 5c 2f 5c 2f 5c 2f 5c 2f 5c 2f 5c 2f 5c 2f 5c 2f 5c 2f 5c 2f 5c 2f 5c 2f 5c 2f 5c 2f 5c 2f 5c 2f 5c 2f 5c 2f 5c 2f 5c 2f 5c 2f 5c 2f 5c 2f 5c 2f 5c 2f 5c 2f 5c 2f 5c 2f 5c 2f 5c 2f 5c 2f 5c 2f 5c 2f 5c 2f 5c 2f 5c 2f 5c 2f 5c 2f 5c 2f 5c 2f 5c 2f 5c 2f 5c 2f 5c 2f 5c 2f 5c 2f 5c 2f 5c 2f 5c 2f 5c 2f 5c 2f 5c 2f 5c 2f 5c 2f 5c 2f 5c 2f 5c 2f 5c 2f 5c 2f 5c 2f 5c 2f 5c 2f 5c 2f 5c 2f 5c 2f 5c 2f 5c 2f 5c 2f 5c 2f 5c 2f 5c 2f 5c 2f 5c 2f 5c 2f 5c 2f 5c 2f 5c 2f 5c 2f 5c 2f 5c 2f 5c 2f 5c 2f 5c 2f 5c 2f 5c 2f 5c 2f 5c 2f 5c 2f 5c 2f 5c 2f 5c 2f 5c 2f 5c 2f 5c 2f 5c 2f 5c 2f 5c 2f 5c 2f 5c 2f 5c 2f 5c 2f 5c 2f 5c 2f 5c 2f 5c 2f 5c 2f 5c 2f 5c 2f 5c 2f 5c 2f 5c 2f 5c 2f 5c 2f 5c 2f 5c 2f 5c 2f 5c 2f 5c 2f 5c 2f 5c 2f 5c 2f 5c 2f 5c 2f 5c 2f 5c 2f 5c 2f 5c 2f 5c 2f 5c 2f 5c 2f 5c 2f 5c 2f 5c 2f 5c 2f 5c 2f 5c 2f 5c 2f 5c 2f 5c 2f 5c 2f 5c 2f 5c 2f 5c 2f 5c 2f 5c 2f 5c 2f 5c 2f 5c 2f 5c 2f 5c 2f 5c 2f 5c 2f 5c 2f 5c 2f 5c 2f 5c 2f 5c 2f 5c 2f 5c 2f 5c 2f 5c 2f 5c 2f 5c 2f 5c 2f 5c 2f 5c 2f 5c 2f 5c 2f 5c 2f 5c 2f 5c 2f 5c 2f 5c 2f 5c 2f 5c 2f 5c 2f 5c 2f 5c 2f 5c 2f 5c 2f 5c 2f 5c 2f 5c 2f 5c 2f 5c 2f 5c 2f 5c 2f 5c 2f 5c 2f 5c 2f 5c 2f 5c 2f 5c 2f 5c 2f 5c 2f 5c 2f 5c 2f 5c 2f 5c 2f 5c 2f 5c 2f 5c 2f 5c 2f 5c 2f 5c 2f 5c 2f 5c 2f 5c 2f 5c 2f 5c 2f 5c 2f 5c 2f 5c 2f 5c 2f 5c 2f 5c 2f 5c 2f 5c 2f 5c 2f 5c 2f 5c 2f 5c 2f 5c 2f 5c 2f 5c 2f 5c 2f 5c 2f 5c 2f 5c 2f 5c 2f 5c 2f 5c 2f 5c 2f 5c 2f 5c 2f 5c 2f 5c 2f 5c 2f 5c 2f 5c 2f 5c 2f 5c 2f 5c 2f 5c 2f 5c 2f 5c 2f 5c 2f 5c 2f 5c 2f 5c 2f 5c 2f 5c 2f 5c 2f 5c 2f 5c 2f 5c 2f 5c 2f 5c 2f 5c 2f 5c 2f 5c 2f 5c 2f 5c 2f 5c 2f 5c 2f 5c 2f 5c 2f 5c 2f 5c 2f 5c 2f 5c 2f 5c 2f 5c 2f 5c 2f 5c 2f 5c 2f 5c 2f 5c 2f 5c 2f 5c 2f 5c 2f 5c 2f 5c 2f 5c 2f 5c 2f 5c 2f 5c 2f 5c 2f 5c 2f 5c 2f 5c 2f 5c 2f 5c 2f 5c 2f 5c 2f 5c 2f 5c 2f 5c 2f 5c 2f 5c 2f 5c 2f 5c 2f 5c 2f 5c 2f 5c 2f 5c 2f 5c 2f 5c 2f 5c 2f 5c 2f 5c 2f 5c 2f 5c 2f 5c 2f 5c 2f 5c 2f 5c 2f 5c 2f 5c 2f 5c 2f 5c 2f 5c 2f 5c 2f 5c 2f 5c 2f 5c 2f 5c 2f 5c 2f 5c 2f 5c 2f 5c 2f 5c 2f 5c 2f 5c 2f 5c 2f 5c 2f 5c 2f 5c 2f 5c 2f 5c 2f 5c 2f 5c 2f 5c 2f 5c 2f 5c 2f 5c 2f 5c 2f 5c 2f 5c 2f 5c 2f 5c 2f 5c 2f 5c 2f 5c 2f 5c 2f 5c 2f 5c 2f 5c 2f 5c 2f 5c 2f 5c 2f 5c 2f 5c 2f 5c 2f 5c 2f 5c 2f 5c 2f 5c 2f 5c 2f 5c 2f 5c 2f 5c 2f 5c 2f 5c 2f 5c 2f 5c 2f 5c 2f 5c 2f 5c 2f 5c 2f 5c 2f 5c 2f 5c 2f 5c 2f 5c 2f 5c 2f 5c 2f 5c 2f 5c 2f 5c 2f 5c 2f 5c 2f 5c 2f 5c 2f 5c 2f 5c 2f 5c 2f 5c 2f 5c 2f 5c 2f 5c 2f 5c 2f 5c 2f 5c 2f 5c 2f 5c 2f 5c 2f 5c 2f 5c 2f 5c 2f 5c 2f 5c 2f 5c 2f 5c 2f 5c 2f 5c 2f 5c 2f 5c 2f 5c 2f 5c 2f 5c 2f 5c 2f 5c 2f 5c 2f 5c 2f 5c 2f 5c 2f 5c 2f 5c 2f 5c 2f 5c 2f 5c 2f 5c 2f 5c 2f 5c 2f 5c 2f 5c 2f 5c 2f 5c 2f 5c 2f 5c 2f 5c 2f 5c 2f 5c 2f 5c 2f 5c 2f 5c 2f 5c 2f 5c 2f 5c 2f 5c 2f 5c 2f 5c 2f 5c 2f 5c 2f 5c 2f 5c 2f 5c 2f 5c 2f 5c 2f 5c 2f 5c 2f 5c 2f 5c 2f 5c 2f 5c 2f 5c 2f 5c 2f 5c 2f 5c 2f 5c 2f 5c 2f 5c 2f 5c 2f 5c 2f 5c 2f 5c 2f 5c 2f 5c 2f 5c 2f 5c 2f 5c 2f 5c 2f 5c 2f 5c 2f 5c 2f 5c 2f 5c 2f 5c 2f 5c 2f 5c 2f 5c 2f 5c 2f 5c 2f 5c 2f 5c 2f 5c 2f 5c 2f 5c 2f 5c 2f 5c 2f 5c 2f 5c 2f 5c 2f 5c 2f 5c 2f 5c 2f 5c 2f 5c 2f 5c 2f 5c 2f 5c 2f 5c 2f 5c 2f 5c 2f 5c 2f 5c 2f 5c 2f 5c 2f 5c 2f 5c 2f 5c 2f 5c 2f 5c 2f 5c 2f 5c 2f 5c 2f 5c 2f 5c 2f 5c 2f 5c 2f 5c 2f 5c 2f 5c 2f 5c 2f 5c 2f 5c 2f 5c 2f 5c 2f 5c 2f 5c 2f 5c 2f 5c 2f 5c 2f 5c 2f 5c 2f 5c 2f 5c 2f 5c 2f 5c 2f 5c 2f 5c 2f 5c 2f 5c 2f 5c 2f 5c 2f 5c 2f 5c 2f 5c 2f 5c 2f 5c 2f 5c 2f 5c 2f 5c 2f 5c 2f 5c 2f 5c 2f 5c 2f 5c 2f 5c 2f 5c 2f 5c 2f 5c 2f 5c 2f 5c 2f 5c 2f 5c 2f 5c 2f 5c 2f 5c 2f 5c 2f 5c 2f 5c 2f 5c 2f 5c 2f 5c 2f 5c 2f 5c 2f 5c 2f 5c 2f 5c 2f 5c 2f 5c 2f 5c 2f 5c 2f 5c 2f 5c 2f 5c 2f 5c 2f 5c 2f 5c 2f 5c 2f 5c 2f 5c 2f 5c 2f 5c 2f 5c 2f 5c 2f 5c 2f 5c 2f 5c 2f 5c 2f 5c 2f 5c 2f 5c 2f 5c 2f 5c 2f 5c 2f 5c 2f 5c 2f 5c 2f 5c 2f 5c 2f 5c 2f 5c 2f 5c 2f 5c 2f 5c 2f 5c 2f 5c 2f 5c 2f 5c 2f 5c 2f 5c 2f 5c 2f 5c 2f 5c 2f 5c 2f 5c 2f 5c 2f 5c 2f 5c 2f 5c 2f 5c 2f 5c 2f 5c 2f 5c 2f 5c 2f 5c 2f 5c 2f 5c 2f 5c 2f 5c 2f 5c 2f 5c 2f 5c 2f 5c 2f 5c 2f 5c 2f 5c 2f 5c 2f 5c 2f 5c 2f 5c 2f 5c 2f 5c 2f 5c 2f 5c 2f 5c 2f 5c 2f 5c 2f 5c 2f 5c 2f 5c 2f 5c 2f 5c 2f 5c 2f 5c 2f 5c 2f 5c 2f 5c 2f 5c 2f 5c 2f 5c 2f 5c 2f 5c 2f 5c 2f 5c 2f 5c 2f 5c 2f 5c 2f 5c 2f 5c 2f 5c 2f 5c 2f 5c 2f 5c 2f 5c 2f 5c 2f 5c 2f 5c 2f 5c 2f 5c 2f 5c 2f 5c 2f 5c 2f 5c 2f 5c 2f 5c 2f 5c 2f 5c 2f 5c 2f 5c 2f 5c 2f 5c 2f 5c 2f 5c 2f 5c 2f 5c 2f 5c 2f 5c 2f 5c 2f 5c 2f 5c 2f 5c 2f 5c 2f 5c 2f 5c 2f 5c 2f 5c 2f 5c 2f 5c 2f 5c 2f 5c 2f 5c 2f 5c 2f 5c 2f 5c 2f 5c 2f 5c 2f 5c 2f 5c 2f 5c 2f 5c 2f 5c 2f 5c 2f 5c 2f 5c 2f 5c 2f 5c 2f 5c 2f 5c 2f 5c 2f 5c 2f 5c 2f 5c 2f 5c 2f 5c 2f 5c 2f 5c 2f 5c 2f 5c 2f 5c 2f 5c 2f 5c 2f 5c 2f 5c 2f 5c 2f 5c 2f 5c 2f 5c 2f 5c 2f 5c 2f 5c 2f 5c 2f 5c 2f 5c 2f 5c 2f 5c 2f 5c 2f 5c 2f 5c 2f 5c 2f 5c 2f 5c 2f 5c 2f 5c 2f 5c 2f 5c 2f 5c 2f 5c 2f 5c 2f 5c 2f 5c 2f 5c 2f 5c 2f 5c 2f 5c 2f 5c 2f 5c 2f 5c 2f 5c 2f 5c 2f 5c 2f 5c 2f 5c 2f 5c 2f 5c 2f 5c 2f 5c 2f 5c 2f 5c 2f 5c 2f 5c 2f 5c 2f 5c 2f 5c 2f 5c 2f 5c 2f 5c 2f 5c 2f 5c 2f 5c 2f 5c 2f 5c 2f 5c 2f 5c 2f 5c 2f 5c 2f 5c 2f 5c 2f 5c 2f 5c 2f 5c 2f 5c 2f 5c 2f 5c 2f 5c 2f 5c 2f 5c 2f 5c 2f 5c 2f 5c 2f 5c 2f 5c 2f 5c 2f 5c 2f 5c 2f 5c 2f 5c 2f 5c 2f 5c 2f 5c 2f 5c 2f 5c 2f 5c 2f 5c 2f 5c 2f 5c 2f 5c 2f 5c 2f 5c 2f 5c 2f 5c 2f 5c 2f 5c 2f 5c 2f 5c 2f 5c 2f 5c 2f 5c 2f 5c 2f 5c 2f 5c 2f 5c 2f 5c 2f 5c 2f 5c 2f 5c 2f 5c 2f 5c 2f 5c 2f 5c 2f 5c 2f 5c 2f 5c 2f 5c 2f 5c 2f 5c 2f 5c 2f 5c 2f 5c 2f 5c 2f 5c 2f 5c 2f 5c 2f 5c 2f 5c 2f 5c 2f 5c 2f 5c 2f 5c 2f 5c 2f 5c 2f 5c 2f 5c 2f 5c 2f 5c 2f 5c 2f 5c 2f 5c 2f 5c 2f 5c 2f 5c 2f 5c 2f 5c 2f 5c 2f 5c 2f 5c 2f 5c 2f 5c 2f 5c 2f 5c 2f 5c 2f 5c 2f 5c 2f 5c 2f 5c 2f 5c 2f 5c 2f 5c 2f 5c 2f 5c 2f 5c 2f 5c 2f 5c 2f 5c 2f 5c 2f 5c 2f 5c 2f 5c 2f 5c 2f 5c 2f 5c 2f 5c 2f 5c 2f 5c 2f 5c 2f 5c 2f 5c 2f 5c 2f 5c 2f 5c 2f 5c 2f 5c 2f 5c 2f 5c 2f 5c 2f 5c 2f 5c 2f 5c 2f 5c 2f 5c 2f 5c 2f 5c 2f 5c 2f 5c 2f 5c 2f 5c 2f 5c 2f 5c 2f 5c 2f 5c 2f 5c 2f 5c 2f 5c 2f 5c 2f 5c 2f 5c 2f 5c 2f 5c 2f 5c 2f 5c 2f 5c 2f 5c 2f 5c 2f 5c 2f 5c 2f 5c 2f 5c 2f 5c 2f 5c 2f 5c 2f 5c 2f 5c 2f 5c 2f 5c 2f 5c 2f 5c 2f 5c 2f 5c 2f 5c 2f 5c 2f 5c 2f 5c 2f 5c 2f 5c 2f 5c 2f 5c 2f 5c 2f 5c 2f 5c 2f 5c 2f 5c 2f 5c 2f 5c 2f 5c 2f 5c 2f 5c 2f 5c 2f 5c 2f 5c 2f 5c 2f 5c 2f 5c 2f 5c 2f 5c 2f 5c 2f 5c 2f 5c 2f 5c 2f 5c 2f 5c 2f 5c 2f 5c 2f 5c 2f 5c 2f 5c 2f 5c 2f 5c 2f 5c 2f 5c 2f 5c 2f 5c 2f 5c 2f 5c 2f 5c 2f 5c 2f 5c 2f 5c 2f 5c 2f 5c 2f 5c 2f 5c 2f 5c 2f 5c 2f 5c 2f 5c 2f 5c 2f 5c 2f 5c 2f 5c 2f 5c 2f 5c 2f 5c 2f 5c 2f 5c 2f 5c 2f 5c 2f 5c 2f 5c 2f 5c 2f 5c 2f 5c 2f 5c 2f 5c 2f 5c 2f 5c 2f 5c 2f 5c 2f 5c 2f 5c 2f 5c 2f 5c 2f 5c 2f 5c 2f 5c 2f 5c 2f 5c 2f 5c 2f 5c 2f 5c 2f 5c 2f 5c 2f 5c 2f 5c 2f 5c 2f 5c 2f 5c 2f 5c 2f 5c 2f 5c 2f 5c 2f 5c 2f 5c 2f 5c 2f 5c 2f 5c 2f 5c 2f 5c 2f 5c 2f 5c 2f 5c 2f 5c 2f 5c 2f 5c 2f 5c 2f 5c 2f 5c 2f 5c 2f 5c 2f 5c 2f 5c 2f 5c 2f 5c 2f 5c 2f 5c 2f 5c 2f 5c 2f 5c 2f 5c 2f 5c 2f 5c 2f 5c 2f 5c 2f 5c 2f 5c 2f 5c 2f 5c 2f 5c 2f 5c 2f 5c 2f 5c 2f 5c 2f 5c 2f 5c 2f 5c 2f 5c 2f 5c 2f 5c 2f 5c 2f 5c 2f 5c 2f 5c 2f 5c 2f 5c 2f 5c 2f 5c 2f 5c 2f 5c 2f 5c 2f 5c 2f 5c 2f 5c 2f 5c 2f 5c 2f 5c 2f 5c 2f 5c 2f 5c 2f 5c 2f 5c 2f 5c 2f 5c 2f 5c 2f 5c 2f 5c 2f 5c 2f 5c 2f 5c 2f 5c 2f 5c 2f 5c 2f 5c 2f 5c 2f 5c 2f 5c 2f 5c 2f 5c 2f 5c 2f 5c 2f 5c 2f 5c 2f 5c 2f 5c 2f 5c 2f 5c 2f 5c 2f 5c 2f 5c 2f 5c 2f 5c 2f 5c 2f 5c 2f 5c 2f 5c 2f 5c 2f 5c 2f 5c 2f 5c 2f 5c 2f 5c 2f 5c 2f 5c 2f 5c 2f 5c 2f 5c 2f 5c 2f 5c 2f 5c 2f 5c 2f 5c 2f 5c 2f 5c 2f 5c 2f 5c 2f 5c 2f 5c 2f 5c 2f 5c 2f 5c 2f 5c 2f 5c 2f 5c 2f 5c 2f 5c 2f 5c 2f 5c 2f 5c 2f 5c 2f 5c 2f 5c 2f 5c 2f 5c 2f 5c 2f 5c 2f 5c 2f 5c 2f 5c 2f 5c 2f 5c 2f 5c 2f 5c 2f 5c 2f 5c 2f 5c 2f 5c 2f 5c 2f 5c 2f 5c 2f 5c 2f 5c 2f 5c 2f 5c 2f 5c 2f 5c 2f 5c 2f 5c 2f 5c 2f 5c 2f 5c 2f 5c 2f 5c 2f 5c 2f 5c 2f 5c 2f 5c 2f 5c 2f 5c 2f 5c 2f 5c 2f 5c 2f 5c 2f 5c 2f 5c 2f 5c 2f 5c 2f 5c 2f 5c 2f 5c 2f 5c 2f 5c 2f 5c 2f 5c 2f 5c 2f 5c 2f 5c 2f 5c 2f 5c 2f 5c 2f 5c 2f 5c 2f 5c 2f 5c 2f 5c 2f 5c 2f 5c 2f 5c 2f 5c 2f 5c 2f 5c 2f 5c 2f 5c 2f 5c 2f 5c 2f 5c 2f 5c 2f 5c 2f 5c 2f 5c 2f 5c 2f 5c 2f 5c 2f 5c 2f 5c 2f 5c 2f 5c 2f 5c 2f 5c 2f 5c 2f 5c 2f 5c 2f 5c 2f 5c 2f 5c 2f 5c 2f 5c 2f 5c 2f 5c 2f 5c 2f 5c 2f 5c 2f 5c 2f 5c 2f 5c 2f 5c 2f 5c 2f 5c 2f 5c 2f 5c 2f 5c 2f 5c 2f 5c 2f 5c 2f 5c 2f 5c 2f 5c 2f 5c 2f 5c 2f 5c 2f 5c 2f 5c 2f 5c 2f 5c 2f 5c 2f 5c 2f 5c 2f 5c 2f 5c 2f 5c 2f 5c 2f 5c 2f 5c 2f 5c 2f 5c 2f 5c 2f 5c 2f 5c 2f 5c 2f 5c 2f 5c 2f 5c 2f 5c 2f 5c 2f 5c 2f 5c 2f 5c 2f 5c 2f 5c 2f 5c 2f 5c 2f 5c 2f 5c 2f 5c 2f 5c 2f 5c 2f 5c 2f 5c 2f 5c 2f 5c 2f 5c 2f 5c 2f 5c 2f 5c 2f 5c 2f 5c 2f 5c 2f 5c 2f 5c 2f 5c 2f 5c 2f 5c 2f 5c 2f 5c 2f 5c 2f 5c 2f 5c 2f 5c 2f 5c 2f 5c 2f 5c 2f 5c 2f 5c 2f 5c 2f 5c 2f 5c 2f 5c 2f 5c 2f 5c 2f 5c 2f 5c 2f 5c 2f 5c 2f 5c 2f 5c 2f 5c 2f 5c 2f 5c 2f 5c 2f 5c 2f 5c 2f 5c 2f 5c 2f 5c 2f 5c 2f 5c 2f 5c 2f 5c 2f 5c 2f 5c 2f 5c 2f 5c 2f 5c 2f 5c 2f 5c 2f 5c 2f 5c 2f 5c 2f 5c 2f 5c 2f 5c 2f 5c 2f 5c 2f 5c 2f 5c 2f 5c 2f 5c 2f 5c 2f 5c 2f 5c 2f 5c 2f 5c 2f 5c 2f 5c 2f 5c 2f 5c 2f 5c 2f 5c 2f 5c 2f 5c 2f 5c 2f 5c 2f 5c 2f 5c 2f 5c 2f 5c 2f 5c 2f 5c 2f 5c 2f 5c 2f 5c 2f 5c 2f 5c 2f 5c 2f 5c 2f 5c 2f 5c 2f 5c 2f 5c 2f 5c 2f 5c 2f 5c 2f 5c 2f 5c 2f 5c 2f 5c 2f 5c 2f 5c 2f 5c 2f 5c 2f 5c 2f 5c 2f 5c 2f 5c 2f 5c 2f 5c 2f 5c 2f 5c 2f 5c 2f 5c 2f 5c 2f 5c 2f 5c 2f 5c 2f 5c 2f 5c 2f 5c 2f 5c 2f 5c 2f 5c 2f 5c 2f 5c 2f 5c 2f 5c 2f 5c 2f 5c 2f 5c 2f 5c 2f 5c 2f 5c 2f 5c 2f 5c 2f 5c 2f 5c 2f 5c 2f 5c 2f 5c 2f 5c 2f 5c 2f 5c 2f 5c 2f 5c 2f 5c 2f 5c 2f 5c 2f 5c 2f 5c 2f 5c 2f 5c 2f 5c 2f 5c 2f 5c 2f 5c 2f 5c 2f 5c 2f 5c 2f 5c 2f 5c 2f 5c 2f 5c 2f 5c 2f 5c 2f 5c 2f 5c 2f 5c 2f 5c 2f 5c 2f 5c 2f 5c 2f 5c 2f 5c 2f 5c 2f 5c 2f 5c 2f 5c 2f 5c 2f 5c 2f 5c 2f 5c 2f 5c 2f 5c 2f 5c 2f 5c 2f 5c 2f 5c 2f 5c 2f 5c 2f 5c 2f 5c 2f 5c 2f 5c 2f 5c 2f 5c 2f 5c 2f 5c 2f 5c 2f 5c 2f 5c 2f 5c 2f 5c 2f 5c 2f 5c 2f 5c 2f 5c 2f 5c 2f 5c 2f 5c 2f 5c 2f 5c 2f 5c 2f 5c 2f 5c 2f 5c 2f 5c 2f 5c 2f 5c 2f 5c 2f 5c 2f 5c 2f 5c 2f 5c 2f 5c 2f 5c 2f 5c 2f 5c 2f 5c 2f 5c 2f 5c 2f 5c 2f 5c 2f 5c 2f 5c 2f 5c 2f 5c 2f 5c 2f 5c 2f 5c 2f 5c 2f 5c 2f 5c 2f 5c 2f 5c 2f 5c 2f 5c 2f 5c 2f 5c 2f 5c 2f 5c 2f 5c 2f 5c 2f 5c 2f 5c 2f 5c 2f 5c 2f 5c 2f 5c 2f 5c 2f 5c 2f 5c 2f 5c 2f 5c 2f 5c 2f 5c 2f 5c 2f 5c 2f 5c 2f 5c 2f 5c 2f 5c 2f 5c 2f 5c 2f 5c 2f 5c 2f 5c 2f 5c 2f 5c 2f 5c 2f 5c 2f 5c 2f 5c 2f 5c 2f 5c 2f 5c 2f 5c 2f 5c 2f 5c 2f 5c 2f 5c 2f 5c 2f 5c 2f 5c 2f 5c 2f 5c 2f 5c 2f 5c 2f 5c 2f 5c 2f 5c 2f 5c 2f 5c 2f 5c 2f 5c 2f 5c 2f 5c 2f 5c 2f 5c 2f 5c 2f 5c 2f 5c 2f 5c 2f 5c 2f 5c 2f 5c 2f 5c 2f 5c 2f 5c 2f 5c 2f 5c 2f 5c 2f 5c 2f 5c 2f 5c 2f 5c 2f 5c 2f 5c 2f 5c 2f 5c 2f 5c 2f 5c 2f 5c 2f 5c 2f 5c 2f 5c 2f 5c 2f 5c 2f 5c 2f 5c 2f 5c 2f 5c 2f 5c 2f 5c 2f 5c 2f 5c 2f 5c 2f 5c 2f 5c 2f 5c 2f 5c 2f 5c 2f 5c 2f 5c 2f 5c 2f 5c 2f 5c 2f 5c 2f 5c 2f 5c 2f 5c 2f 5c 2f 5c 2f 5c 2f 5c 2f 5c 2f 5c 2f 5c 2f 5c 2f 5c 2f 5c 2f 5c 2f 5c 2f 5c 2f 5c 2f 5c 2f 5c 2f 5c 2f 5c 2f 5c 2f 5c 2f 5c 2f 5c 2f 5c 2f 5c 2f 5c 2f 5c 2f 5c 2f 5c 2f 5c 2f 5c 2f 5c 2f 5c 2f 5c 2f 5c 2f 5c 2f 5c 2f 5c 2f 5c 2f 5c 2f 5c 2f 5c 2f 5c 2f 5c 2f 5c 2f 5c 2f 5c 2f 5c 2f 5c 2f 5c 2f 5c 2f 5c 2f 5c 2f 5c 2f 5c 2f 5c 2f 5c 2f 5c 2f 5c 2f 5c 2f 5c 2f 5c 2f 5c 2f 5c 2f 5c 2f 5c 2f 5c 2f 5c 2f 5c 2f 5c 2f 5c 2f 5c 2f 5c 2f 5c 2f 5c 2f 5c 2f 5c 2f 5c 2f 5c 2f 5c 2f 5c 2f 5c 2f 5c 2f 5c 2f 5c 2f 5c 2f 5c 2f 5c 2f 5c 2f 5c 2f 5c 2f 5c 2f 5c 2f 5c 2f 5c 2f 5c 2f 5c 2f 5c 2f 5c 2f 5c 2f 5c 2f 5c 2f 5c 2f 5c 2f 5c 2f 5c 2f 5c 2f 5c 2f 5c 2f 5c 2f 5c 2f 5c 2f 5c 2f 5c 2f 5c 2f 5c 2f 5c 2f 5c 2f 5c 2f 5c 2f 5c 2f 5c 2f 5c 2f 5c 2f 5c 2f 5c 2f 5c 2f 5c 2f 5c 2f 5c 2f 5c 2f 5c 2f 5c 2f 5c 2f 5c 2f 5c 2f 5c 2f 5c 2f 5c 2f 5c 2f 5c 2f 5c 2f 5c 2f 5c 2f 5c 2f 5c 2f 5c 2f 5c 2f 5c 2f 5c 2f 5c 2f 5c 2f 5c 2f 5c 2f 5c 2f 5c 2f 5c 2f 5c 2f 5c 2f 5c 2f 5c 2f 5c 2f 5c 2f 5c 2f 5c 2f 5c 2f 5c 2f 5c 2f 5c 2f 5c 2f 5c 2f 5c 2f 5c 2f 5c 2f 5c 2f 5c 2f 5c 2f 5c 2f 5c 2f 5c 2f 5c 2f 5c 2f 5c 2f 5c 2f 5c 2f 5c 2f 5c 2f 5c 2f 5c 2f 5c 2f 5c 2f 5c 2f 5c 2f 5c 2f 5c 2f 5c 2f 5c 2f 5c 2f 5c 2f 5c 2f 5c 2f 5c 2f 5c 2f 5c 2f 5c 2f 5c 2f 5c 2f 5c 2f 5c 2f 5c 2f 5c 2f 5c 2f 5c 2f 5c 2f 5c 2f 5c 2f 5c 2f 5c 2f 5c 2f 5c 2f 5c 2f 5c 2f 5c 2f 5c 2f 5c 2f 5c 2f 5c 2f 5c 2f 5c 2f 5c 2f 5c 2f 5c 2f 5c 2f 5c 2f 5c 2f 5c 2f 5c 2f 5c 2f 5c 2f 5c 2f 5c 2f 5c 2f 5c 2f 5c 2f 5c 2f 5c 2f 5c 2f 5c 2f 5c 2f 5c 2f 5c 2f 5c 2f 5c 2f 5c 2f 5c 2f 5c 2f 5c 2f 5c 2f 5c 2f 5c 2f 5c 2f 5c 2f 5c 2f 5c 2f 5c 2f 5c 2f 5c 2f 5c 2f 5c 2f 5c 2f 5c 2f 5c 2f 5c 2f 5c 2f 5c 2f 5c 2f 5c 2f 5c 2f 5c 2f 5c 2f 5c 2f 5c 2f 5c 2f 5c 2f 5c 2f 5c 2f 5c 2f 5c 2f 5c 2f 5c 2f 5c 2f 5c 2f 5c 2f 5c 2f 5c 2f 5c 2f 5c 2f 5c 2f 5c 2f 5c 2f 5c 2f 5c 2f 5c 2f 5c 2f 5c 2f 5c 2f 5c 2f 5c 2f 5c 2f 5c 2f 5c 2f 5c 2f 5c 2f 5c 2f 5c 2f 5c 2f 5c 2f 5c 2f 5c 2f 5c 2f 5c 2f 5c 2f 5c 2f 5c 2f 5c 2f 5c 2f 5c 2f 5c 2f 5c 2f 5c 2f 5c 2f 5c 2f 5c 2f 5c 2f 5c 2f 5c 2f 5c 2f 5c 2f 5c 2f 5c 2f 5c 2f 5c 2f 5c 2f 5c 2f 5c 2f 5c 2f 5c 2f 5c 2f 5c 2f 5c 2f 5c 2f 5c 2f 5c 2f 5c 2f 5c 2f 5c 2f 5c 2f 5c 2f 5c 2f 5c 2f 5c 2f 5c 2f 5c 2f 5c 2f 5c 2f 5c 2f 5c 2f 5c 2f 5c 2f 5c 2f 5c 2f 5c 2f 5c 2f 5c 2f 5c 2f 5c 2f 5c 2f 5c 2f 5c 2f 5c 2f 5c 2f 5c 2f 5c 2f 5c 2f 5c 2f 5c 2f 5c 2f 5c 2f 5c 2f 5c 2f 5c 2f 5c 2f 5c 2f 5c 2f 5c 2f 5c 2f 5c 2f 5c 2f 5c 2f 5c 2f 5c 2f 5c 2f 5c 2f 5c 2f 5c 2f 5c 2f 5c 2f 5c 2f 5c 2f 5c 2f 5c 2f 5c 2f 5c 2f 5c 2f 5c 2f 5c 2f 5c 2f 5c 2f 5c 2f 5c 2f 5c 2f 5c 2f 5c 2f 5c 2f 5c 2f 5c 2f 5c 2f 5c 2f 5c 2f 5c 2f 5c 2f 5c 2f 5c 2f 5c 2f 5c 2f 5c 2f 5c 2f 5c 2f 5c 2f 5c 2f 5c 2f 5c 2f 5c 2f 5c 2f 5c 2f 5c 2f 5c 2f 5c 2f 5c 2f 5c 2f 5c 2f 5c 2f 5c 2f 5c 2f 5c 2f 5c 2f 5c 2f 5c 2f 5c 2f 5c 2f 5c 2f 5c 2f 5c 2f 5c 2f 5c 2f 5c 2f 5c 2f 5c 2f 5c 2f 5c 2f 5c 2f 5c 2f 5c 2f 5c 2f 5c 2f 5c 2f 5c 2f 5c 2f 5c 2f 5c 2f 5c 2f 5c 2f 5c 2f 5c 2f 5c 2f 5c 2f 5c 2f 5c 2f 5c 2f 5c 2f 5c 2f 5c 2f 5c 2f 5c 2f 5c 2f 5c 2f 5c 2f 5c 2f 5c 2f 5c 2f 5c 2f 5c 2f 5c 2f 5c 2f 5c 2f 5c 2f 5c 2f 5c 2f 5c 2f 5c 2f 5c 2f 5c 2f 5c 2f 5c 2f 5c 2f 5c 2f 5c 2f 5c 2f 5c 2f 5c 2f 5c 2f 5c 2f 5c 2f 5c 2f 5c 2f 5c 2f 5c 2f 5c 2f 5c 2f 5c 2f 5c 2f 5c 2f 5c 2f 5c 2f 5c 2f 5c 2f 5c 2f 5c 2f 5c 2f 5c 2f 5c 2f 5c 2f 5c 2f 5c 2f 5c 2f 5c 2f 5c 2f 5c 2f 5c 2f 5c 2f 5c 2f 5c 2f 5c 2f 5c 2f 5c 2f 5c 2f 5c 2f 5c 2f 5c 2f 5c 2f 5c 2f 5c 2f 5c 2f 5c 2f 5c 2f 5c 2f 5c 2f 5c 2f 5c 2f 5c 2f 5c 2f 5c 2f 5c 2f 5c 2f 5c 2f 5c 2f 5c 2f 5c 2f 5c 2f 5c 2f 5c 2f 5c 2f 5c 2f 5c 2f 5c 2f 5c 2f 5c 2f 5c 2f 5c 2f 5c 2f 5c 2f 5c 2f 5c 2f 5c 2f 5c 2f 5c 2f 5c 2f 5c 2f 5c 2f 5c 2f 5c 2f 5c 2f 5c 2f 5c 2f 5c 2f 5c 2f 5c 2f 5c 2f 5c 2f 5c 2f 5c 2f 5c 2f 5c 2f 5c 2f 5c 2f 5c 2f 5c 2f 5c 2f 5c 2f 5c 2f 5c 2f 5c 2f 5c 2f 5c 2f 5c 2f 5c 2f 5c 2f 5c 2f 5c 2f 5c 2f 5c 2f 5c 2f 5c 2f 5c 2f 5c 2f 5c 2f 5c 2f 5c 2f 5c 2f 5c 2f 5c 2f 5c 2f 5c 2f 5c 2f 5c 2f 5c 2f 5c 2f 5c 2f 5c 2f 5c 2f 5c 2f 5c 2f 5c 2f 5c 2f 5c 2f 5c 2f 5c 2f 5c 2f 5c 2f 5c 2f 5c 2f 5c 2f 5c 2f 5c 2f 5c 2f 5c 2f 5c 2f 5c 2f 5c 2f 5c 2f 5c 2f 5c 2f 5c 2f 5c 2f 5c 2f 5c 2f 5c 2f 5c 2f 5c 2f 5c 2f 5c 2f 5c 2f 5c 2f 5c 2f 5c 2f 5c 2f 5c 2f 5c 2f 5c 2f 5c 2f 5c 2f 5c 2f 5c 2f 5c 2f 5c 2f 5c 2f 5c 2f 5c 2f 5c 2f 5c 2f 5c 2f 5c 2f 5c 2f 5c 2f 5c 2f 5c 2f 5c 2f 5c 2f 5c 2f 5c 2f 5c 2f 5c 2f 5c 2f 5c 2f 5c 2f 5c 2f 5c 2f 5c 2f 5c 2f 5c 2f 5c 2f 5c 2f 5c 2f 5c 2f 5c 2f 5c 2f 5c 2f 5c 2f 5c 2f 5c 2f 5c 2f 5c 2f 5c 2f 5c 2f 5c 2f 5c 2f 5c 2f 5c 2f 5c 2f 5c 2f 5c 2f 5c 2f 5c 2f 5c 2f 5c 2f 5c 2f 5c 2f 5c 2f 5c 2f 5c 2f 5c 2f 5c 2f 5c 2f 5c 2f 5c 2f 5c 2f 5c 2f 5c 2f 5c 2f 5c 2f 5c 2f 5c 2f 5c 2f 5c 2f 5c 2f 5c 2f 5c 2f 5c 2f 5c 2f 5c 2f 5c 2f 5c 2f 5c 2f 5c 2f 5c 2f 5c 2f 5c 2f 5c 2f 5c 2f 5c 2f 5c 2f 5c 2f 5c 2f 5c 2f 5c 2f 5c 2f 5c 2f 5c 2f 5c 2f 5c 2f 5c 2f 5c 2f 5c 2f 5c 2f 5c 2f 5c 2f 5c 2f 5c 2f 5c 2f 5c 2f 5c 2f 5c 2f 5c 2f 5c 2f 5c 2f 5c 2f 5c 2f 5c 2f 5c 2f 5c 2f 5c 2f 5c 2f 5c 2f 5c 2f 5c 2f 5c 2f 5c 2f 5c 2f 5c 2f 5c 2f 5c 2f 5c 2f 5c 2f 5c 2f 5c 2f 5c 2f 5c 2f 5c 2f 5c 2f 5c 2f 5c 2f 5c 2f 5c 2f 5c 2f 5c 2f 5c 2f 5c 2f 5c 2f 5c 2f 5c 2f 5c 2f 5c 2f 5c 2f 5c 2f 5c 2f 5c 2f 5c 2f 5c 2f 5c 2f 5c 2f 5c 2f 5c 2f 5c 2f 5c 2f 5c 2f 5c 2f 5c 2f 5c 2f 5c 2f 5c 2f 5c 2f 5c 2f 5c 2f 5c 2f 5c 2f 5c 2f 5c 2f 5c 2f 5c 2f 5c 2f 5c 2f 5c 2f 5c 2f 5c 2f 5c 2f 5c 2f 5c 2f 5c 2f 5c 2f 5c 2f 5c 2f 5c 2f 5c 2f 5c 2f 5c 2f 5c 2f 5c 2f 5c 2f 5c 2f 5c 2f 5c 2f 5c 2f 5c 2f 5c 2f 5c 2f 5c 2f 5c 2f 5c 2f 5c 2f 5c 2f 5c 2f 5c 2f 5c 2f 5c 2f 5c 2f 5c 2f 5c 2f 5c 2f 5c 2f 5c 2f 5c 2f 5c 2f 5c 2f 5c 2f 5c 2f 5c 2f 5c 2f 5c 2f 5c 2f 5c 2f 5c 2f 5c 2f 5c 2f 5c 2f 5c 2f 5c 2f 5c 2f 5c 2f 5c 2f 5c 2f 5c 2f 5c 2f 5c 2f 5c 2f 5c 2f 5c 2f 5c 2f 5c 2f 5c 2f 5c 2f 5c 2f 5c 2f 5c 2f 5c 2f 5c 2f 5c 2f 5c 2f 5c 2f 5c 2f 5c 2f 5c 2f 5c 2f 5c 2f 5c 2f 5c 2f 5c 2f 5c 2f 5c 2f 5c 2f 5c 2f 5c 2f 5c 2f 5c 2f 5c 2f 5c 2f 5c 2f 5c 2f 5c 2f 5c 2f 5c 2f 5c 2f 5c 2f 5c 2f 5c 2f 5c 2f 5c 2f 5c 2f 5c 2f 5c 2f 5c 2f 5c 2f 5c 2f 5c 2f 5c 2f 5c 2f 5c 2f 5c 2f 5c 2f 5c 2f 5c 2f 5c 2f 5c 2f 5c 2f 5c 2f 5c 2f 5c 2f 5c 2f 5c 2f 5c 2f 5c 2f 5c 2f 5c 2f 5c 2f 5c 2f 5c 2f 5c 2f 5c 2f 5c 2f 5c 2f 5c 2f 5c 2f 5c 2f 5c 2f 5c 2f 5c 2f 5c 2f 5c 2f 5c 2f 5c 2f 5c 2f 5c 2f 5c 2f 5c 2f 5c 2f 5c 2f 5c 2f 5c 2f 5c 2f 5c 2f 5c 2f 5c 2f 5c 2f 5c 2f 5c 2f 5c 2f 5c 2f 5c 2f 5c 2f 5c 2f 5c 2f 5c 2f 5c 2f 5c 2f 5c 2f 5c 2f 5c 2f 5c 2f 5c 2f 5c 2f 5c 2f 5c 2f 5c 2f 5c 2f 5c 2f 5c 2f 5c 2f 5c 2f 5c 2f 5c 2f 5c 2f 5c 2f 5c 2f 5c 2f 5c 2f 5c 2f 5c 2f 5c 2f 5c 2f 5c 2f 5c 2f 5c 2f 5c 2f 5c 2f 5c 2f 5c 2f 5c 2f 5c 2f 5c 2f 5c 2f 5c 2f 5c 2f 5c 2f 5c 2f 5c 2f 5c 2f 5c 2f 5c 2f 5c 2f 5c 2f 5c 2f 5c 2f 5c 2f 5c 2f 5c 2f 5c 2f 5c 2f 5c 2f 5c 2f 5c 2f 5c 2f 5c 2f 5c 2f 5c 2f 5c 2f 5c 2f 5c 2f 5c 2f 5c 2f 5c 2f 5c 2f 5c 2f 5c 2f 5c 2f 5c 2f 5c 2f 5c 2f 5c 2f 5c 2f 5c 2f 5c 2f 5c 2f 5c 2f 5c 2f 5c 2f 5c 2f 5c 2f 5c 2f 5c 2f 5c 2f 5c 2f 5c 2f 5c 2f 5c 2f 5c 2f 5c 2f 5c 2f 5c 2f 5c 2f 5c 2f 5c 2f 5c 2f 5c 2f 5c 2f 5c 2f 5c 2f 5c 2f 5c 2f 5c 2f 5c 2f 5c 2f 5c 2f 5c 2f 5c 2f 5c 2f 5c 2f 5c 2f 5c 2f 5c 2f 5c 2f 5c 2f 5c 2f 5c 2f 5c 2f 5c 2f 5c 2f 5c 2f 5c 2f 5c 2f 5c 2f 5c 2f 5c 2f 5c 2f 5c 2f 5c 2f 5c 2f 5c 2f 5c 2f 5c 2f 5c 2f 5c 2f 5c 2f 5c 2f 5c 2f 5c 2f 5c 2f 5c 2f 5c 2f 5c 2f 5c 2f 5c 2f 5c 2f 5c 2f 5c 2f 5c 2f 5c 2f 5c 2f 5c 2f 5c 2f 5c 2f 5c 2f 5c 2f 5c 2f 5c 2f 5c 2f 5c 2f 5c 2f 5c 2f 5c 2f 5c 2f 5c 2f 5c 2f 5c 2f 5c 2f 5c 2f 5c 2f 5c 2f 5c 2f 5c 2f 5c 2f 5c 2f 5c 2f 5c 2f 5c 2f 5c 2f 5c 2f 5c 2f 5c 2f 5c 2f 5c 2f 5c 2f 5c 2f 5c 2f 5c 2f 5c 2f 5c 2f 5c 2f 5c 2f 5c 2f 5c 2f 5c 2f 5c 2f 5c 2f 5c 2f 5c 2f 5c 2f 5c 2f 5c 2f 5c 2f 5c 2f 5c 2f 5c 2f 5c 2f 5c 2f 5c 2f 5c 2f 5c 2f 5c 2f 5c 2f 5c 2f 5c 2f 5c 2f 5c 2f 5c 2f 5c 2f 5c 2f 5c 2f 5c 2f 5c 2f 5c 2f 5c 2f 5c 2f 5c 2f 5c 2f 5c 2f 5c 2f 5c 2f 5c 2f 5c 2f 5c 2f 5c 2f 5c 2f 5c 2f 5c 2f 5c 2f 5c 2f 5c 2f 5c 2f 5c 2f 5c 2f 5c 2f 5c 2f 5c 2f 5c 2f 5c 2f 5c 2f 5c 2f 5c 2f 5c 2f 5c 2f 5c 2f 5c 2f 5c 2f 5c 2f 5c 2f 5c 2f 5c 2f 5c 2f 5c 2f 5c 2f 5c 2f 5c 2f 5c 2f 5c 2f 5c 2f 5c 2f 5c 2f 5c 2f 5c 2f 5c 2f 5c 2f 5c 2f 5c 2f 5c 2f 5c 2f 5c 2f 5c 2f 5c 2f 5c 2f 5c 2f 5c 2f 5c 2f 5c 2f 5c 2f 5c 2f 5c 2f 5c 2f 5c 2f 5c 2f 5c 2f 5c 2f 5c 2f 5c 2f 5c 2f 5c 2f 5c 2f 5c 2f 5c 2f 5c 2f 5c 2f 5c 2f 5c 2f 5c 2f 5c 2f 5c 2f 5c 2f 5c 2f 5c 2f 5c 2f 5c 2f 5c 2f 5c 2f 5c 2f 5c 2f 5c 2f 5c 2f 5c 2f 5c 2f 5c 2f 5c 2f 5c 2f 5c 2f 5c 2f 5c 2f 5c 2f 5c 2f 5c 2f 5c 2f 5c 2f 5c 2f 5c 2f 5c 2f 5c 2f 5c 2f 5c 2f 5c 2f 5c 2f 5c 2f 5c 2f 5c 2f 5c 2f 5c 2f 5c 2f 5c 2f 5c 2f 5c 2f 5c 2f 5c 2f 5c 2f 5c 2f 5c 2f 5c 2f 5c 2f 5c 2f 5c 2f 5c 2f 5c 2f 5c 2f 5c 2f 5c 2f 5c 2f 5c 2f 5c 2f 5c 2f 5c 2f 5c 2f 5c 2f 5c 2f 5c 2f 5c 2f 5c 2f 5c 2f 5c 2f 5c 2f 5c 2f 5c 2f 5c 2f 5c 2f 5c 2f 5c 2f 5c 2f 5c 2f 5c 2f 5c 2f 5c 2f 5c 2f 5c 2f 5c 2f 5c 2f 5c 2f 5c 2f 5c 2f 5c 2f 5c 2f 5c 2f 5c 2f 5c 2f 5c 2f 5c 2f 5c 2f 5c 2f 5c 2f 5c 2f 5c 2f 5c 2f 5c 2f 5c 2f 5c 2f 5c 2f 5c 2f 5c 2f 5c 2f 5c 2f 5c 2f 5c 2f 5c 2f 5c 2f 5c 2f 5c 2f 5c 2f 5c 2f 5c 2f 5c 2f 5c 2f 5c 2f 5c 2f 5c 2f 5c 2f 5c 2f 5c 2f 5c 2f 5c 2f 5c 2f 5c 2f 5c 2f 5c 2f 5c 2f 5c 2f 5c 2f 5c 2f 5c 2f 5c 2f 5c 2f 5c 2f 5c 2f 5c 2f 5c 2f 5c 2f 5c 2f 5c 2f 5c 2f 5c 2f 5c 2f 5c 2f 5c 2f 5c 2f 5c 2f 5c 2f 5c 2f 5c 2f 5c 2f 5c 2f 5c 2f 5c 0d 0a,"KSTET /\/\/\/\/\/\/\/\/\/\/\/\/\/\/\/\/\/\/\/\/\/\/\/\/\/\/\/\/\/\/\/\/\/\/\/\/\/\/\/\/\/\/\/\/\/\/\/\/\/\/\/\/\/\/\/\/\/\/\/\/\/\/\/\/\/\/\/\/\/\/\/\/\/\/\/\/\/\/\/\/\/\/\/\/\/\/\/\/\/\/\/\/\/\/\/\/\/\/\/\/\/\/\/\/\/\/\/\/\/\/\/\/\/\/\/\/\/\/\/\/\/\/\/\/\/\/\/\/\/\/\/\/\/\/\/\/\/\/\/\/\/\/\/\/\/\/\/\/\/\/\/\/\/\/\/\/\/\/\/\/\/\/\/\/\/\/\/\/\/\/\/\/\/\/\/\/\/\/\/\/\/\/\/\/\/\/\/\/\/\/\/\/\/\/\/\/\/\/\/\/\/\/\/\/\/\/\/\/\/\/\/\/\/\/\/\/\/\/\/\/\/\/\/\/\/\/\/\/\/\/\/\/\/\/\/\/\/\/\/\/\/\/\/\/\/\/\/\/\/\/\/\/\/\/\/\/\/\/\/\/\/\/\/\/\/\/\/\/\/\/\/\/\/\/\/\/\/\/\/\/\/\/\/\/\/\/\/\/\/\/\/\/\/\/\/\/\/\/\/\/\/\/\/\/\/\/\/\/\/\/\/\/\/\/\/\/\/\/\/\/\/\/\/\/\/\/\/\/\/\/\/\/\/\/\/\/\/\/\/\/\/\/\/\/\/\/\/\/\/\/\/\/\/\/\/\/\/\/\/\/\/\/\/\/\/\/\/\/\/\/\/\/\/\/\/\/\/\/\/\/\/\/\/\/\/\/\/\/\/\/\/\/\/\/\/\/\/\/\/\/\/\/\/\/\/\/\/\/\/\/\/\/\/\/\/\/\/\/\/\/\/\/\/\/\/\/\/\/\/\/\/\/\/\/\/\/\/\/\/\/\/\/\/\/\/\/\/\/\/\/\/\/\/\/\/\/\/\/\/\/\/\/\/\/\/\/\/\/\/\/\/\/\/\/\/\/\/\/\/\/\/\/\/\/\/\/\/\/\/\/\/\/\/\/\/\/\/\/\/\/\/\/\/\/\/\/\/\/\/\/\/\/\/\/\/\/\/\/\/\/\/\/\/\/\/\/\/\/\/\/\/\/\/\/\/\/\/\/\/\/\/\/\/\/\/\/\/\/\/\/\/\/\/\/\/\/\/\/\/\/\/\/\/\/\/\/\/\/\/\/\/\/\/\/\/\/\/\/\/\/\/\/\/\/\/\/\/\/\/\/\/\/\/\/\/\/\/\/\/\/\/\/\/\/\/\/\/\/\/\/\/\/\/\/\/\/\/\/\/\/\/\/\/\/\/\/\/\/\/\/\/\/\/\/\/\/\/\/\/\/\/\/\/\/\/\/\/\/\/\/\/\/\/\/\/\/\/\/\/\/\/\/\/\/\/\/\/\/\/\/\/\/\/\/\/\/\/\/\/\/\/\/\/\/\/\/\/\/\/\/\/\/\/\/\/\/\/\/\/\/\/\/\/\/\/\/\/\/\/\/\/\/\/\/\/\/\/\/\/\/\/\/\/\/\/\/\/\/\/\/\/\/\/\/\/\/\/\/\/\/\/\/\/\/\/\/\/\/\/\/\/\/\/\/\/\/\/\/\/\/\/\/\/\/\/\/\/\/\/\/\/\/\/\/\/\/\/\/\/\/\/\/\/\/\/\/\/\/\/\/\/\/\/\/\/\/\/\/\/\/\/\/\/\/\/\/\/\/\/\/\/\/\/\/\/\/\/\/\/\/\/\/\/\/\/\/\/\/\/\/\/\/\/\/\/\/\/\/\/\/\/\/\/\/\/\/\/\/\/\/\/\/\/\/\/\/\/\/\/\/\/\/\/\/\/\/\/\/\/\/\/\/\/\/\/\/\/\/\/\/\/\/\/\/\/\/\/\/\/\/\/\/\/\/\/\/\/\/\/\/\/\/\/\/\/\/\/\/\/\/\/\/\/\/\/\/\/\/\/\/\/\/\/\/\/\/\/\/\/\/\/\/\/\/\/\/\/\/\/\/\/\/\/\/\/\/\/\/\/\/\/\/\/\/\/\/\/\/\/\/\/\/\/\/\/\/\/\/\/\/\/\/\/\/\/\/\/\/\/\/\/\/\/\/\/\/\/\/\/\/\/\/\/\/\/\/\/\/\/\/\/\/\/\/\/\/\/\/\/\/\/\/\/\/\/\/\/\/\/\/\/\/\/\/\/\/\/\/\/\/\/\/\/\/\/\/\/\/\/\/\/\/\/\/\/\/\/\/\/\/\/\/\/\/\/\/\/\/\/\/\/\/\/\/\/\/\/\/\/\/\/\/\/\/\/\/\/\/\/\/\/\/\/\/\/\/\/\/\/\/\/\/\/\/\/\/\/\/\/\/\/\/\/\/\/\/\/\/\/\/\/\/\/\/\/\/\/\/\/\/\/\/\/\/\/\/\/\/\/\/\/\/\/\/\/\/\/\/\/\/\/\/\/\/\/\/\/\/\/\/\/\/\/\/\/\/\/\/\/\/\/\/\/\/\/\/\/\/\/\/\/\/\/\/\/\/\/\/\/\/\/\/\/\/\/\/\/\/\/\/\/\/\/\/\/\/\/\/\/\/\/\/\/\/\/\/\/\/\/\/\/\/\/\/\/\/\/\/\/\/\/\/\/\/\/\/\/\/\/\/\/\/\/\/\/\/\/\/\/\/\/\/\/\/\/\/\/\/\/\/\/\/\/\/\/\/\/\/\/\/\/\/\/\/\/\/\/\/\/\/\/\/\/\/\/\/\/\/\/\/\/\/\/\/\/\/\/\/\/\/\/\/\/\/\/\/\/\/\/\/\/\/\/\/\/\/\/\/\/\/\/\/\/\/\/\/\/\/\/\/\/\/\/\/\/\/\/\/\/\/\/\/\/\/\/\/\/\/\/\/\/\/\/\/\/\/\/\/\/\/\/\/\/\/\/\/\/\/\/\/\/\/\/\/\/\/\/\/\/\/\/\/\/\/\/\/\/\/\/\/\/\/\/\/\/\/\/\/\/\/\/\/\/\/\/\/\/\/\/\/\/\/\/\/\/\/\/\/\/\/\/\/\/\/\/\/\/\/\/\/\/\/\/\/\/\/\/\/\/\/\/\/\/\/\/\/\/\/\/\/\/\/\/\/\/\/\/\/\/\/\/\/\/\/\/\/\/\/\/\/\/\/\/\/\/\/\/\/\/\/\/\/\/\/\/\/\/\/\/\/\/\/\/\/\/\/\/\/\/\/\/\/\/\/\/\/\/\/\/\/\/\/\/\/\/\/\/\/\/\/\/\/\/\/\/\/\/\/\/\/\/\/\/\/\/\/\/\/\/\/\/\/\/\/\/\/\/\/\/\/\/\/\/\/\/\/\/\/\/\/\/\/\/\/\/\/\/\/\/\/\/\/\/\/\/\/\/\/\/\/\/\/\/\/\/\/\/\/\/\/\/\/\/\/\/\/\/\/\/\/\/\/\/\/\/\/\/\/\/\/\/\/\/\/\/\/\/\/\/\/\/\/\/\/\/\/\/\/\/\/\/\/\/\/\/\/\/\/\/\/\/\/\/\/\/\/\/\/\/\/\/\/\/\/\/\/\/\/\/\/\/\/\/\/\/\/\/\/\/\/\/\/\/\/\/\/\/\/\/\/\/\/\/\/\/\/\/\/\/\/\/\/\/\/\/\/\/\/\/\/\/\/\/\/\/\/\/\/\/\/\/\/\/\/\/\/\/\/\/\/\/\/\/\/\/\/\/\/\/\/\/\/\/\/\/\/\/\/\/\/\/\/\/\/\/\/\/\/\/\/\/\/\/\/\/\/\/\/\/\/\/\/\/\/\/\/\/\/\/\/\/\/\/\/\/\/\/\/\/\/\/\/\/\/\/\/\/\/\/\/\/\/\/\/\/\/\/\/\/\/\/\/\/\/\/\/\/\/\/\/\/\/\/\/\/\/\/\/\/\/\/\/\/\/\/\/\/\/\/\/\/\/\/\/\/\/\/\/\/\/\/\/\/\/\/\/\/\/\/\/\/\/\/\/\/\/\/\/\/\/\/\/\/\/\/\/\/\/\/\/\/\/\/\/\/\/\/\/\/\/\/\/\/\/\/\/\/\/\/\/\/\/\/\/\/\/\/\/\/\/\/\/\/\/\/\/\/\/\/\/\/\/\/\/\/\/\/\/\/\/\/\/\/\/\/\/\/\/\/\/\/\/\/\/\/\/\/\/\/\/\/\/\/\/\/\/\/\/\/\/\/\/\/\/\/\/\/\/\/\/\/\/\/\/\/\/\/\/\/\/\/\/\/\/\/\/\/\/\/\/\/\/\/\/\/\/\/\/\/\/\/\/\/\/\/\/\/\/\/\/\/\/\/\/\/\/\/\/\/\/\/\/\/\/\/\/\/\/\/\/\/\/\/\/\/\/\/\/\/\/\/\/\/\/\/\/\/\/\/\/\/\/\/\/\/\/\/\/\/\/\/\/\/\/\/\/\/\/\/\/\/\/\/\/\/\/\/\/\/\/\/\/\/\/\/\/\/\/\/\/\/\/\/\/\/\/\/\/\/\/\/\/\/\/\/\/\/\/\/\/\/\/\/\/\/\/\/\/\/\/\/\/\/\/\/\/\/\/\/\/\/\/\/\/\/\/\/\/\/\/\/\/\/\/\/\/\/\/\/\/\/\/\/\/\/\/\/\/\/\/\/\/\/\/\/\/\/\/\/\/\/\/\/\/\/\/\/\/\/\/\/\/\/\/\/\/\/\/\/\/\/\/\/\/\/\/\/\/\/\/\/\/\/\/\/\/\/\/\/\/\/\/\/\/\/\/\/\/\/\/\/\/\/\/\/\/\/\/\/\/\/\/\/\/\/\/\/\/\/\/\/\/\/\/\/\/\/\/\/\/\/\/\/\/\/\/\/\/\/\/\/\/\/\/\/\/\/\/\/\/\/\/\/\/\/\/\/\/\/\/\/\/\/\/\/\/\/\/\/\/\/\/\/\/\/\/\/\/\/\/\/\/\/\/\/\/\/\/\/\/\/\/\/\/\/\/\/\/\/\/\/\/\/\/\/\/\/\/\/\/\/\/\/\/\/\/\/\/\/\/\/\/\/\/\/\/\/\/\/\/\/\/\/\/\/\/\/\/\/\/\/\/\/\/\/\/\/\/\/\/\/\/\/\/\/\/\/\/\/\/\/\/\/\/\/\/\/\/\/\/\/\/\/\/\/\/\/\/\/\/\/\/\/\/\/\/\/\/\/\/\/\/\/\/\/\/\/\/\/\/\/\/\/\/\/\/\/\/\/\/\/\/\/\/\/\/\/\/\/\/\/\/\/\/\/\/\/\/\/\/\/\/\/\/\/\/\/\/\/\/\/\/\/\/\/\/\/\/\/\/\/\/\/\/\/\/\/\/\/\/\/\/\/\/\/\/\/\/\/\/\/\/\/\/\/\/\/\/\/\/\/\/\/\/\/\/\/\/\/\/\/\/\/\/\/\/\/\/\/\/\/\/\/\/\/\/\/\/\/\/\/\/\/\/\/\/\/\/\/\/\/\/\/\/\/\/\/\/\/\/\/\/\/\/\/\/\/\/\/\/\/\/\/\/\/\/\/\/\/\/\/\/\/\/\/\/\/\/\/\/\/\/\/\/\/\/\/\/\/\/\/\/\/\/\/\/\/\/\/\/\/\/\/\/\/\/\/\/\/\/\/\/\/\/\/\/\/\/\/\/\/\/\/\/\/\/\/\/\/\/\/\/\/\/\/\/\/\/\/\/\/\/\/\/\/\/\/\/\/\/\/\/\/\/\/\/\/\/\/\/\/\/\/\/\/\/\/\/\/\/\/\/\/\/\/\/\/\/\/\/\/\/\/\/\/\/\/\/\/\/\/\/\/\/\/\/\/\/\/\/\/\/\/\/\/\/\/\/\/\/\/\/\/\/\/\/\/\/\/\/\/\/\/\/\/\/\/\/\/\/\/\/\/\/\/\/\/\/\/\/\/\/\/\/\/\/\/\/\/\/\/\/\/\/\/\/\/\/\/\/\/\/\/\/\/\/\/\/\/\/\/\/\/\/\/\/\/\/\/\/\/\/\/\/\/\/\/\/\/\/\/\/\/\/\/\/\/\/\/\/\/\/\/\/\/\/\/\/\/\/\/\/\/\/\/\/\/\/\/\/\/\/\/\/\/\/\/\/\/\/\/\/\/\/\/\/\/\/\/\/\/\/\/\/\/\/\/\/\/\/\/\/\/\/\/\/\/\/\/\/\/\/\/\/\/\/\/\/\/\/\/\/\/\/\/\/\/\/\/\/\/\/\/\/\/\/\/\/\/\/\/\/\/\/\/\/\/\/\/\/\/\/\/\/\/\/\/\/\/\/\/\/\/\/\/\/\/\/\/\/\/\/\/\/\/\/\/\/\/\/\/\/\/\/\/\/\/\/\/\/\/\/\/\/\/\/\/\/\/\/\/\/\/\/\/\/\/\/\/\/\/\/\/\/\/\/\/\/\/\/\/\/\/\/\/\/\/\/\/\/\/\/\/\/\/\/\/\/\/\/\/\/\/\/\/\/\/\/\/\/\/\/\/\/\/\/\/\/\/\/\/\/\/\/\/\/\/\/\/\/\/\/\/\/\/\/\/\/\/\/\/\/\/\/\/\/\/\/\/\/\/\/\/\/\/\/\/\/\/\/\/\/\/\/\/\/\/\/\/\/\/\/\/\/\/\/\/\/\/\/\/\/\/\/\/\/\/\/\/\/\/\/\/\/\/\/\/\/\/\/\/\/\/\/\/\/\/\/\/\/\/\/\/\/\/\/\/\/\/\/\/\/\/\/\/\/\/\/\/\/\/\/\/\/\/\/\/\/\/\/\/\/\/\/\/\/\/\/\/\/\/\/\/\/\/\/\/\/\/\/\/\/\/\/\/\/\/\/\/\/\/\/\/\/\/\/\/\/\/\/\/\/\/\/\/\/\/\/\/\/\/\/\/\/\/\/\/\/\/\/\/\/\/\/\/\/\/\/\/\/\/\/\/\/\/\/\/\/\/\/\/\/\/\/\/\/\/\/\/\/\/\/\/\/\/\/\/\/\/\/\/\/\/\/\/\/\/\/\/\/\/\/\/\/\/\/\/\/\/\/\/\/\/\/\/\/\/\/\/\/\/\/\/\/\/\/\/\/\/\/\/\/\/\/\/\/\/\/\/\/\/\/\/\/\/\/\/\/\/\/\/\/\/\/\/\/\/\/\/\/\/\/\/\/\/\/\/\/\/\/\/\/\/\/\/\/\/\/\/\/\/\/\/\/\/\/\/\/\/\/\/\/\/\/\/\/\/\/\/\/\/\/\/\/\/\/\/\/\/\/\/\/\/\/\/\/\/\/\/\/\/\/\/\/\/\/\/\/\/\/\/\/\/\/\/\/\/\/\/\/\/\/\/\/\/\/\/\/\/\/\/\/\/\/\/\/\/\/\/\/\/\/\/\/\/\/\/\/\/\/\/\/\/\/\/\/\/\/\/\/\/\/\/\/\/\/\/\/\/\/\/\/\/\/\/\/\/\/\/\/\/\/\/\/\/\/\/\/\/\/\/\/\/\/\/\/\/\/\/\/\/\/\/\/\/\/\/\/\/\/\/\/\/\/\/\/\/\/\/\/\/\/\/\/\/\/\/\/\/\/\/\/\/\/\/\/\/\/\/\/\/\/\/\/\/\/\/\/\/\/\/\/\/\/\/\/\/\/\/\/\/\/\/\/\/\/\/\/\/\/\/\/\/\/\/\/\/\/\/\/\/\/\/\/\/\/\/\/\/\/\/\/\/\/\/\/\/\/\/\/\/\/\/\/\/\/\/\/\/\/\/\/\/\/\/\/\/\/\/\/\/\/\/\/\/\/\/\/\/\/\/\/\/\/\/\/\/\/\/\/\/\/\/\/\/\/\/\/\/\/\/\/\/\/\/\/\/\/\/\/\/\/\/\/\/\/\/\/\/\/\/\/\/\/\/\/\/\/\/\/\/\/\/\/\/\/\/\/\/\/\/\/\/\/\/\/\/\/\/\/\/\/\/\/\/\/\/\/\/\/\/\/\/\/\/\/\/\/\/\/\/\/\/\/\/\/\/\/\/\/\/\/\/\/\/\/\/\/\/\/\/\/\/\/\/\/\/\/\/\/\/\/\/\/\/\/\/\/\/\/\/\/\/\/\/\/\/\/\/\/\/\/\/\/\/\/\/\/\/\/\/\/\/\/\/\/\/\/\/\/\/\/\/\/\/\/\/\/\/\/\/\/\/\/\/\/\/\/\/\/\/\/\/\/\/\/\/\/\/\/\/\/\/\/\/\/\/\/\/\/\/\/\/\/\/\/\/\/\/\/\/\/\/\/\/\/\/\/\/\/\/\/\/\/\/\/\/\/\/\/\/\/\/\/\/\/\/\/\/\/\/\/\/\/\/\/\/\/\/\/\/\/\/\/\/\/\/\/\/\/\/\/\/\/\/\/\/\/\/\/\/\/\/\/\/\/\/\/\/\/\/\/\/\/\/\/\/\/\/\/\/\/\/\/\/\/\/\/\/\/\/\/\/\/\/\/\/\/\/\/\/\/\/\/\/\/\/\/\/\/\/\/\/\/\/\/\/\/\/\/\/\/\/\/\/\/\/\/\/\/\/\/\/\/\/\/\/\/\/\/\/\/\/\/\/\/\/\/\/\/\/\/\/\/\/\/\/\/\/\/\/\/\/\/\/\/\/\/\/\/\/\/\/\/\/\/\/\/\/\/\/\/\/\/\/\/\/\/\/\/\/\/\/\/\/\/\/\/\/\/\/\/\/\/\/\/\/\/\/\/\/\/\/\/\/\/\/\/\/\/\/\/\/\/\/\/\/\/\/\/\/\/\/\/\/\/\/\/\/\/\/\/\/\/\/\/\/\/\/\/\/\/\/\/\/\/\/\/\/\/\/\/\/\/\/\/\/\/\/\/\/\/\/\/\/\/\/\/\/\/\/\/\/\/\/\/\/\/\/\/\/\/\/\/\/\/\/\/\/\/\/\/\/\/\/\/\/\/\/\/\/\/\/\/\/\/\/\/\/\/\/\/\/\/\/\/\/\/\/\/\/\/\/\/\/\/\/\/\/\/\/\/\/\/\/\/\/\/\/\/\/\/\/\/\/\/\/\/\/\/\/\/\/\/\/\/\/\/\/\/\/\/\/\/\/\/\/\/\/\/\/\/\/\/\/\/\/\/\/\/\/\/\/\/\/\/\/\/\/\/\/\/\/\/\/\/\/\/\/\/\/\/\/\/\/\/\/\/\/\/\/\/\/\/\/\/\/\/\/\/\/\/\/\/\/\/\/\/\/\/\/\/\/\/\/\/\/\/\/\/\/\/\/\/\/\/\/\/\/\/\/\/\/\/\/\/\/\/\/\/\/\/\/\/\/\/\/\/\/\/\/\/\/\/\/\/\/\/\/\/\/\/\/\/\/\/\/\/\/\/\/\/\/\/\/\/\/\/\/\/\/\/\/\/\/\/\/\/\/\/\/\/\/\/\/\/\/\/\/\/\/\/\/\/\/\/\/\/\/\/\/\/\/\/\/\/\/\/\/\/\/\/\/\/\/\/\/\/\/\/\/\/\/\/\/\/\/\/\/\/\/\/\/\/\/\/\/\/\/\/\/\/\/\/\/\/\/\/\/\/\/\/\/\/\/\/\/\/\/\/\/\/\/\/\/\/\/\/\/\/\/\/\/\/\/\/\/\/\/\/\/\/\/\/\/\/\/\/\/\/\/\/\/\/\/\/\/\/\/\/\/\/\/\/\/\/\/\/\/\/\/\/\/\/\/\/\/\/\/\/\/\/\/\/\/\/\/\/\/\/\/\/\/\/\/\/\/\/\/\/\/\/\/\/\/\/\/\/\/\/\/\/\/\/\/\/\/\/\/\/\/\/\/\/\/\/\/\/\/\/\/\/\/\/\/\/\/\/\/\/\/\/\/\/\/\/\/\/\/\/\/\/\/\/\/\/\/\/\/\/\/\/\/\/\/\/\/\/\/\/\/\/\/\/\/\/\/\/\/\/\/\/\/\/\/\/\/\/\/\/\/\/\/\/\/\/\/\/\/\/\/\/\/\/\/\/\/\/\/\/\/\/\/\/\/\/\/\/\/\/\/\/\/\/\/\/\/\/\/\/\/\/\/\/\/\/\/\/\/\/\/\/\/\/\/\/\/\/\/\/\/\/\/\/\/\/\/\/\/\/\/\/\/\/\/\/\/\/\/\/\/\/\/\/\/\/\/\/\/\/\/\/\/\/\/\/\/\/\/\/\/\/\/\/\/\/\/\/\/\/\/\/\/\/\/\/\/\/\/\/\/\/\/\/\/\/\/\/\/\/\/\/\/\/\/\/\/\/\/\/\/\/\/\/\/\/\/\/\/\/\/\/\/\/\/\/\/\/\/\/\/\/\/\/\/\/\/\/\/\/\/\/\/\/\/\/\/\/\/\/\/\/\/\/\/\/\/\/\/\/\/\/\/\/\/\/\/\/\/\/\/\/\/\/\/\/\/\/\/\/\/\/\/\/\/\/\/\/\/\/\/\/\/\/\/\/\/\/\/\/\/\/\/\/\/\/\/\/\/\/\/\/\/\/\/\/\/\/\/\/\/\/\/\/\/\/\/\/\/\/\/\/\/\/\/\/\/\/\/\/\/\/\/\/\/\/\/\/\/\/\/\/\/\/\/\/\/\/\/\/\/\/\/\/\/\/\/\/\/\/\/\/\/\/\/\/\/\/\/\/\/\/\/\/\/\/\/\/\/\/\/\/\/\/\/\/\/\/\/\/\/\/\/\/\/\/\/\/\/\/\/\/\/\/\/\/\/\/\/\/\/\/\/\/\/\/\/\/\/\/\/\/\/\/\/\/\/\/\/\/\/\/\/\/\/\/\/\/\/\/\/\/\/\/\/\/\/\/\/\/\/\/\/\/\/\/\/\/\/\/\/\/\/\/\/\/\/\/\/\/\/\/\/\/\/\/\/\/\/\/\/\/\/\/\/\/\/\/\/\/\/\/\/\/\/\/\/\/\/\/\/\/\/\/\/\/\/\/\/\
"
2020-07-08T12:05:32.218000,open step,,,Contact process monitor
2020-07-08T12:05:32.218000,check,,,procmon.post_send()
2020-07-08T12:05:32.625000,fail,,,"procmon detected crash on test case #10: [INVALID]:5c2f5c2f Unable to disassemble at 5c2f5c2f from thread 1836 caused access violation
when attempting to read from 0x5c2f5c2f

CONTEXT DUMP
  EIP: 5c2f5c2f Unable to disassemble at 5c2f5c2f
  EAX: 0198f990 (  26802576) -> KSTET /\/\/\/\/\/\/\/\/\/\/\/\/\/\/\/\/\/\/\/\/\/\/\/\/\/\/\/\/\/\/\/\/\/\/\/\/\/\/\/\/\/\/\/\/\/\/\ (stack)
  EBX: 00000058 (        88) -> N/A
  ECX: 0075c430 (   7717936) ->  E uu (heap)
  EDX: 00000000 (         0) -> N/A
  EDI: 00000000 (         0) -> N/A
  ESI: 00000000 (         0) -> N/A
  EBP: 5c2f5c2f (1546607663) -> N/A
  ESP: 0198f9e0 (  26802656) -> /\/\/\/\/\/\/\/\/\/\ (stack)
  +00: 5c2f5c2f (1546607663) -> N/A
  +04: 5c2f5c2f (1546607663) -> N/A
  +08: 5c2f5c2f (1546607663) -> N/A
  +0c: 5c2f5c2f (1546607663) -> N/A
  +10: 5c2f5c2f (1546607663) -> N/A
  +14: 00000000 (         0) -> N/A

disasm around:
	0x5c2f5c2f Unable to disassemble

SEH unwind:
	ffffffff -> ntdll.dll:7709e335 mov edi,edi

"
2020-07-08T12:05:32.625000,info,,,Closing target connection...
2020-07-08T12:05:32.625000,info,,,Connection closed.
2020-07-08T12:05:32.625000,open step,,,Sleep between tests.
2020-07-08T12:05:32.625000,info,,,sleeping for 1.000000 seconds
2020-07-08T12:05:33.640000,open step,,,Failure summary
2020-07-08T12:05:33.640000,info,,,"procmon detected crash on test case #10: [INVALID]:5c2f5c2f Unable to disassemble at 5c2f5c2f from thread 1836 caused access violation
when attempting to read from 0x5c2f5c2f

CONTEXT DUMP
  EIP: 5c2f5c2f Unable to disassemble at 5c2f5c2f
  EAX: 0198f990 (  26802576) -> KSTET /\/\/\/\/\/\/\/\/\/\/\/\/\/\/\/\/\/\/\/\/\/\/\/\/\/\/\/\/\/\/\/\/\/\/\/\/\/\/\/\/\/\/\/\/\/\/\ (stack)
  EBX: 00000058 (        88) -> N/A
  ECX: 0075c430 (   7717936) ->  E uu (heap)
  EDX: 00000000 (         0) -> N/A
  EDI: 00000000 (         0) -> N/A
  ESI: 00000000 (         0) -> N/A
  EBP: 5c2f5c2f (1546607663) -> N/A
  ESP: 0198f9e0 (  26802656) -> /\/\/\/\/\/\/\/\/\/\ (stack)
  +00: 5c2f5c2f (1546607663) -> N/A
  +04: 5c2f5c2f (1546607663) -> N/A
  +08: 5c2f5c2f (1546607663) -> N/A
  +0c: 5c2f5c2f (1546607663) -> N/A
  +10: 5c2f5c2f (1546607663) -> N/A
  +14: 00000000 (         0) -> N/A

disasm around:
	0x5c2f5c2f Unable to disassemble

SEH unwind:
	ffffffff -> ntdll.dll:7709e335 mov edi,edi

"
2020-07-08T12:05:33.640000,open step,,,"Crash threshold reached for this element, exhausting 1431 mutants."
2020-07-08T12:05:33.640000,open step,,,Restarting target
2020-07-08T12:05:33.640000,info,,,Restarting target process
2020-07-08T12:05:41.921000,info,,,Giving the process 3 seconds to settle in
